Timestamp,channel_1055,Unit_measure,Subsystem
2025-01-01 00:00:00,0.4967141530112327,UnitMeasure5,Subsystem1
2025-01-01 00:00:30,0.904835420152404,UnitMeasure5,Subsystem1
2025-01-01 00:01:00,1.698461718771533,UnitMeasure5,Subsystem1
2025-01-01 00:01:30,3.86340824021289,UnitMeasure5,Subsystem1
2025-01-01 00:02:00,5.621446026830474,UnitMeasure5,Subsystem1
2025-01-01 00:02:30,6.041508264918152,UnitMeasure5,Subsystem1
2025-01-01 00:03:00,7.180514566228477,UnitMeasure5,Subsystem1
2025-01-01 00:03:30,9.28972348873431,UnitMeasure5,Subsystem1
2025-01-01 00:04:00,10.524326670868655,UnitMeasure5,Subsystem1
2025-01-01 00:04:30,11.105431862080236,UnitMeasure5,Subsystem1
2025-01-01 00:05:00,10.80860967971107,UnitMeasure5,Subsystem1
2025-01-01 00:05:30,9.933909934541648,UnitMeasure5,Subsystem1
2025-01-01 00:06:00,9.39426471912937,UnitMeasure5,Subsystem1
2025-01-01 00:06:30,7.435295239926331,UnitMeasure5,Subsystem1
2025-01-01 00:07:00,3.7904245063399804,UnitMeasure5,Subsystem1
2025-01-01 00:07:30,0.2865092072014326,UnitMeasure5,Subsystem1
2025-01-01 00:08:00,-2.421909746604171,UnitMeasure5,Subsystem1
2025-01-01 00:08:30,-3.3622779971000076,UnitMeasure5,Subsystem1
2025-01-01 00:09:00,-4.178682395960899,UnitMeasure5,Subsystem1
2025-01-01 00:09:30,-6.214636479636821,UnitMeasure5,Subsystem1
2025-01-01 00:10:00,-6.682653096295544,UnitMeasure5,Subsystem1
2025-01-01 00:10:30,-6.177751033240115,UnitMeasure5,Subsystem1
2025-01-01 00:11:00,-5.436538792475251,UnitMeasure5,Subsystem1
2025-01-01 00:11:30,-6.64412234140334,UnitMeasure5,Subsystem1
2025-01-01 00:12:00,-8.81219035090548,UnitMeasure5,Subsystem1
2025-01-01 00:12:30,-10.237459969293809,UnitMeasure5,Subsystem1
2025-01-01 00:13:00,-11.655832617066377,UnitMeasure5,Subsystem1
2025-01-01 00:13:30,-12.290322887550328,UnitMeasure5,Subsystem1
2025-01-01 00:14:00,-12.973492812987255,UnitMeasure5,Subsystem1
2025-01-01 00:15:00,-14.843109730716527,UnitMeasure5,Subsystem1
2025-01-01 00:15:30,-13.832424632344097,UnitMeasure5,Subsystem1
2025-01-01 00:16:00,-12.122902639761538,UnitMeasure5,Subsystem1
2025-01-01 00:16:30,-12.030938726509344,UnitMeasure5,Subsystem1
2025-01-01 00:17:00,-12.228468080720619,UnitMeasure5,Subsystem1
2025-01-01 00:17:30,-13.394853717535185,UnitMeasure5,Subsystem1
2025-01-01 00:18:00,-14.205543318736549,UnitMeasure5,Subsystem1
2025-01-01 00:18:30,-16.519896772001818,UnitMeasure5,Subsystem1
2025-01-01 00:19:00,-19.91573014305898,UnitMeasure5,Subsystem1
2025-01-01 00:19:30,-22.22300989590511,UnitMeasure5,Subsystem1
2025-01-01 00:20:00,-22.06956392271653,UnitMeasure5,Subsystem1
2025-01-01 00:20:30,-20.74251439796275,UnitMeasure5,Subsystem1
2025-01-01 00:21:00,-19.908638468558642,UnitMeasure5,Subsystem1
2025-01-01 00:21:30,-20.142545065710273,UnitMeasure5,Subsystem1
2025-01-01 00:22:00,-22.16184603907459,UnitMeasure5,Subsystem1
2025-01-01 00:22:30,-24.81030838776079,UnitMeasure5,Subsystem1
2025-01-01 00:23:00,-26.965816211869654,UnitMeasure5,Subsystem1
2025-01-01 00:23:30,-26.816668835627905,UnitMeasure5,Subsystem1
2025-01-01 00:24:00,-25.36351819746794,UnitMeasure5,Subsystem1
2025-01-01 00:25:00,-27.183126552064895,UnitMeasure5,Subsystem1
2025-01-01 00:26:00,-29.501354291288692,UnitMeasure5,Subsystem1
2025-01-01 00:26:30,-29.658083436142384,UnitMeasure5,Subsystem1
2025-01-01 00:27:00,-28.2660911514632,UnitMeasure5,Subsystem1
2025-01-01 00:27:30,-25.797530003644155,UnitMeasure5,Subsystem1
2025-01-01 00:28:00,-24.882397095908562,UnitMeasure5,Subsystem1
2025-01-01 00:28:30,-25.575329783045465,UnitMeasure5,Subsystem1
2025-01-01 00:29:00,-26.25660860462177,UnitMeasure5,Subsystem1
2025-01-01 00:29:30,-25.342475370416565,UnitMeasure5,Subsystem1
2025-01-01 00:30:00,-24.50955718007069,UnitMeasure5,Subsystem1
2025-01-01 00:30:30,-24.502131374683337,UnitMeasure5,Subsystem1
2025-01-01 00:31:00,-26.068130650934034,UnitMeasure5,Subsystem1
2025-01-01 00:31:30,-28.768692041889654,UnitMeasure5,Subsystem1
2025-01-01 00:32:00,-29.964571562560803,UnitMeasure5,Subsystem1
2025-01-01 00:33:00,-26.33696885683289,UnitMeasure5,Subsystem1
2025-01-01 00:33:30,-24.327539262093715,UnitMeasure5,Subsystem1
2025-01-01 00:34:00,-22.89704888330074,UnitMeasure5,Subsystem1
2025-01-01 00:34:30,-22.811239362797984,UnitMeasure5,Subsystem1
2025-01-01 00:35:00,-23.04314263698522,UnitMeasure5,Subsystem1
2025-01-01 00:35:30,-21.619208650815047,UnitMeasure5,Subsystem1
2025-01-01 00:36:00,-19.853851256760997,UnitMeasure5,Subsystem1
2025-01-01 00:36:30,-17.32259705398869,UnitMeasure5,Subsystem1
2025-01-01 00:37:00,-18.190016023450376,UnitMeasure5,Subsystem1
2025-01-01 00:37:30,-19.537090520208714,UnitMeasure5,Subsystem1
2025-01-01 00:38:00,-20.19950798658608,UnitMeasure5,Subsystem1
2025-01-01 00:38:30,-20.19415645379558,UnitMeasure5,Subsystem1
2025-01-01 00:39:00,-20.087405834078552,UnitMeasure5,Subsystem1
2025-01-01 00:39:30,-22.05758306123702,UnitMeasure5,Subsystem1
2025-01-01 00:40:00,-24.454044333382903,UnitMeasure5,Subsystem1
2025-01-01 00:40:30,-25.530691898237258,UnitMeasure5,Subsystem1
2025-01-01 00:41:00,-23.843640341330655,UnitMeasure5,Subsystem1
2025-01-01 00:41:30,-22.25535269163898,UnitMeasure5,Subsystem1
2025-01-01 00:42:00,-22.559059276454715,UnitMeasure5,Subsystem1
2025-01-01 00:42:30,-24.250318752088045,UnitMeasure5,Subsystem1
2025-01-01 00:43:00,-24.64822203301738,UnitMeasure5,Subsystem1
2025-01-01 00:43:30,-23.696893537368148,UnitMeasure5,Subsystem1
2025-01-01 00:44:00,-23.179642371971802,UnitMeasure5,Subsystem1
2025-01-01 00:44:30,-22.8648122694349,UnitMeasure5,Subsystem1
2025-01-01 00:45:00,-22.590600061429594,UnitMeasure5,Subsystem1
2025-01-01 00:45:30,-21.351329732985445,UnitMeasure5,Subsystem1
2025-01-01 00:46:00,-20.891990455517902,UnitMeasure5,Subsystem1
2025-01-01 00:46:30,-21.430438904659482,UnitMeasure5,Subsystem1
2025-01-01 00:47:00,-22.61381931785118,UnitMeasure5,Subsystem1
2025-01-01 00:47:30,-24.86797589615238,UnitMeasure5,Subsystem1
2025-01-01 00:48:00,-26.398830219759397,UnitMeasure5,Subsystem1
2025-01-01 00:48:30,-26.601045283008606,UnitMeasure5,Subsystem1
2025-01-01 00:49:00,-26.06885653066169,UnitMeasure5,Subsystem1
2025-01-01 00:49:30,-25.905410866411632,UnitMeasure5,Subsystem1
2025-01-01 00:50:00,-27.5113242074561,UnitMeasure5,Subsystem1
2025-01-01 00:50:30,-29.695386202048997,UnitMeasure5,Subsystem1
2025-01-01 00:51:00,-31.40565179688544,UnitMeasure5,Subsystem1
2025-01-01 00:51:30,-32.848868671622725,UnitMeasure5,Subsystem1
2025-01-01 00:52:00,-33.88837713843927,UnitMeasure5,Subsystem1
2025-01-01 00:52:30,-33.98073090411477,UnitMeasure5,Subsystem1
2025-01-01 00:53:00,-31.686799968448938,UnitMeasure5,Subsystem1
2025-01-01 00:53:30,-29.089241448594628,UnitMeasure5,Subsystem1
2025-01-01 00:54:00,-27.435792073798904,UnitMeasure5,Subsystem1
2025-01-01 00:54:30,-27.125999353847575,UnitMeasure5,Subsystem1
2025-01-01 00:55:00,-29.270638985112754,UnitMeasure5,Subsystem1
2025-01-01 00:55:30,-31.620517360091668,UnitMeasure5,Subsystem1
2025-01-01 00:56:00,-32.79060611968305,UnitMeasure5,Subsystem1
2025-01-01 00:56:30,-30.29675482991887,UnitMeasure5,Subsystem1
2025-01-01 00:57:00,-27.45365362944658,UnitMeasure5,Subsystem1
2025-01-01 00:58:00,-25.491133820795625,UnitMeasure5,Subsystem1
2025-01-01 00:58:30,-26.901308194466964,UnitMeasure5,Subsystem1
2025-01-01 00:59:00,-27.235025078682234,UnitMeasure5,Subsystem1
2025-01-01 00:59:30,-25.96231661726211,UnitMeasure5,Subsystem1
2025-01-01 01:00:00,-23.657494554488615,UnitMeasure5,Subsystem1
2025-01-01 01:00:30,-23.032449015219775,UnitMeasure5,Subsystem1
2025-01-01 01:01:00,-22.20166033910656,UnitMeasure5,Subsystem1
2025-01-01 01:01:30,-22.775518098536207,UnitMeasure5,Subsystem1
2025-01-01 01:02:00,-23.103559397873603,UnitMeasure5,Subsystem1
2025-01-01 01:02:30,-21.002101044432433,UnitMeasure5,Subsystem1
2025-01-01 01:03:00,-19.36956736438212,UnitMeasure5,Subsystem1
2025-01-01 01:03:30,-19.582147949655447,UnitMeasure5,Subsystem1
2025-01-01 01:04:00,-20.633859832517917,UnitMeasure5,Subsystem1
2025-01-01 01:04:30,-21.720144781575268,UnitMeasure5,Subsystem1
2025-01-01 01:05:00,-23.823212699397885,UnitMeasure5,Subsystem1
2025-01-01 01:05:30,-25.616053201113367,UnitMeasure5,Subsystem1
2025-01-01 01:06:00,-27.473071430677784,UnitMeasure5,Subsystem1
2025-01-01 01:06:30,-28.096591325189795,UnitMeasure5,Subsystem1
2025-01-01 01:07:00,-28.89805660502522,UnitMeasure5,Subsystem1
2025-01-01 01:07:30,-28.00255167764712,UnitMeasure5,Subsystem1
2025-01-01 01:08:00,-27.483552813595065,UnitMeasure5,Subsystem1
2025-01-01 01:08:30,-27.77496278351572,UnitMeasure5,Subsystem1
2025-01-01 01:09:00,-27.665113164543666,UnitMeasure5,Subsystem1
2025-01-01 01:09:30,-28.37670830345133,UnitMeasure5,Subsystem1
2025-01-01 01:10:00,-29.02697176769352,UnitMeasure5,Subsystem1
2025-01-01 01:11:00,-28.228675794162694,UnitMeasure5,Subsystem1
2025-01-01 01:11:30,-28.91258591785739,UnitMeasure5,Subsystem1
2025-01-01 01:12:00,-29.33391521590787,UnitMeasure5,Subsystem1
2025-01-01 01:12:30,-28.38045962812338,UnitMeasure5,Subsystem1
2025-01-01 01:13:00,-28.488291659255683,UnitMeasure5,Subsystem1
2025-01-01 01:13:30,-30.60865174984589,UnitMeasure5,Subsystem1
2025-01-01 01:14:00,-32.28329140285501,UnitMeasure5,Subsystem1
2025-01-01 01:14:30,-32.37650857803398,UnitMeasure5,Subsystem1
2025-01-01 01:15:00,-31.419191128400325,UnitMeasure5,Subsystem1
2025-01-01 01:15:30,-30.3313887881143,UnitMeasure5,Subsystem1
2025-01-01 01:16:00,-30.423824921156243,UnitMeasure5,Subsystem1
2025-01-01 01:16:30,-30.81382024568572,UnitMeasure5,Subsystem1
2025-01-01 01:17:00,-30.757291599568234,UnitMeasure5,Subsystem1
2025-01-01 01:17:30,-31.10036027027598,UnitMeasure5,Subsystem1
2025-01-01 01:18:00,-29.760941364840686,UnitMeasure5,Subsystem1
2025-01-01 01:18:30,-27.62647254225537,UnitMeasure5,Subsystem1
2025-01-01 01:19:00,-27.241364248633687,UnitMeasure5,Subsystem1
2025-01-01 01:19:30,-27.498505920883396,UnitMeasure5,Subsystem1
2025-01-01 01:20:00,-28.66149438462149,UnitMeasure5,Subsystem1
2025-01-01 01:20:30,-28.779461514231905,UnitMeasure5,Subsystem1
2025-01-01 01:21:00,-27.209256122917907,UnitMeasure5,Subsystem1
2025-01-01 01:21:30,-26.284061234682838,UnitMeasure5,Subsystem1
2025-01-01 01:22:00,-25.395469726458288,UnitMeasure5,Subsystem1
2025-01-01 01:22:30,-24.4378707854272,UnitMeasure5,Subsystem1
2025-01-01 01:23:00,-22.82247763703811,UnitMeasure5,Subsystem1
2025-01-01 01:23:30,-19.740317441369744,UnitMeasure5,Subsystem1
2025-01-01 01:24:30,-17.427982330962728,UnitMeasure5,Subsystem1
2025-01-01 01:25:00,-19.394590488043665,UnitMeasure5,Subsystem1
2025-01-01 01:25:30,-21.962483753152696,UnitMeasure5,Subsystem1
2025-01-01 01:26:00,-23.588220555718003,UnitMeasure5,Subsystem1
2025-01-01 01:26:30,-23.708967777044847,UnitMeasure5,Subsystem1
2025-01-01 01:27:00,-22.90465571567117,UnitMeasure5,Subsystem1
2025-01-01 01:27:30,-21.37676955857359,UnitMeasure5,Subsystem1
2025-01-01 01:28:00,-20.22158541426969,UnitMeasure5,Subsystem1
2025-01-01 01:28:30,-18.316474694397268,UnitMeasure5,Subsystem1
2025-01-01 01:29:00,-17.041351189917226,UnitMeasure5,Subsystem1
2025-01-01 01:29:30,-13.88263182785127,UnitMeasure5,Subsystem1
2025-01-01 01:30:00,-10.443681225190911,UnitMeasure5,Subsystem1
2025-01-01 01:30:30,-9.179592162157615,UnitMeasure5,Subsystem1
2025-01-01 01:31:00,-10.804772108887436,UnitMeasure5,Subsystem1
2025-01-01 01:31:30,-12.350594698529036,UnitMeasure5,Subsystem1
2025-01-01 01:32:00,-12.972458092265656,UnitMeasure5,Subsystem1
2025-01-01 01:32:30,-12.172269594254027,UnitMeasure5,Subsystem1
2025-01-01 01:33:00,-10.782110411383014,UnitMeasure5,Subsystem1
2025-01-01 01:33:30,-9.861764134135532,UnitMeasure5,Subsystem1
2025-01-01 01:34:00,-10.49765056952001,UnitMeasure5,Subsystem1
2025-01-01 01:34:30,-13.09045248584809,UnitMeasure5,Subsystem1
2025-01-01 01:35:00,-15.83734323746507,UnitMeasure5,Subsystem1
2025-01-01 01:35:30,-16.428552478514042,UnitMeasure5,Subsystem1
2025-01-01 01:36:00,-15.443455876030102,UnitMeasure5,Subsystem1
2025-01-01 01:36:30,-15.663468158462713,UnitMeasure5,Subsystem1
2025-01-01 01:37:00,-16.529782668436955,UnitMeasure5,Subsystem1
2025-01-01 01:37:30,-16.79243255118997,UnitMeasure5,Subsystem1
2025-01-01 01:38:00,-17.307891595681397,UnitMeasure5,Subsystem1
2025-01-01 01:38:30,-17.760952789095356,UnitMeasure5,Subsystem1
2025-01-01 01:39:00,-17.973332073526503,UnitMeasure5,Subsystem1
2025-01-01 01:39:30,-19.02818395236795,UnitMeasure5,Subsystem1
2025-01-01 01:40:00,-19.81304727349718,UnitMeasure5,Subsystem1
2025-01-01 01:40:30,-19.509200111123413,UnitMeasure5,Subsystem1
2025-01-01 01:41:00,-17.63420253255352,UnitMeasure5,Subsystem1
2025-01-01 01:41:30,-14.900797378011475,UnitMeasure5,Subsystem1
2025-01-01 01:42:00,-14.423316959166492,UnitMeasure5,Subsystem1
2025-01-01 01:42:30,-16.31621408345842,UnitMeasure5,Subsystem1
2025-01-01 01:43:00,-17.84299331744317,UnitMeasure5,Subsystem1
2025-01-01 01:43:30,-17.591699054099696,UnitMeasure5,Subsystem1
2025-01-01 01:44:00,-16.1065272769158,UnitMeasure5,Subsystem1
2025-01-01 01:44:30,-11.110869066447707,UnitMeasure5,Subsystem1
2025-01-01 01:45:00,-5.9472891945318205,UnitMeasure5,Subsystem1
2025-01-01 01:45:30,-1.9804944173979848,UnitMeasure5,Subsystem1
2025-01-01 01:46:00,0.5186163039994733,UnitMeasure5,Subsystem1
2025-01-01 01:46:30,2.3409349718706425,UnitMeasure5,Subsystem1
2025-01-01 01:47:00,2.9890826606479566,UnitMeasure5,Subsystem1
2025-01-01 01:47:30,3.622801887169621,UnitMeasure5,Subsystem1
2025-01-01 01:48:00,3.3656001226024093,UnitMeasure5,Subsystem1
2025-01-01 01:48:30,2.6057464643738157,UnitMeasure5,Subsystem1
2025-01-01 01:49:00,1.4308178001669416,UnitMeasure5,Subsystem1
2025-01-01 01:49:30,0.7529273112875108,UnitMeasure5,Subsystem1
2025-01-01 01:50:00,2.925888218856085,UnitMeasure5,Subsystem1
2025-01-01 01:50:30,3.7279334840884837,UnitMeasure5,Subsystem1
2025-01-01 01:51:00,3.846014534634057,UnitMeasure5,Subsystem1
2025-01-01 01:51:30,1.9434044288562757,UnitMeasure5,Subsystem1
2025-01-01 01:52:00,-0.2711042180598786,UnitMeasure5,Subsystem1
2025-01-01 01:52:30,-0.5807292989367001,UnitMeasure5,Subsystem1
2025-01-01 01:53:00,0.39415613989298004,UnitMeasure5,Subsystem1
2025-01-01 01:53:30,0.24651354214520693,UnitMeasure5,Subsystem1
2025-01-01 01:54:00,-1.4136956867250128,UnitMeasure5,Subsystem1
2025-01-01 01:54:30,-2.279797561723276,UnitMeasure5,Subsystem1
2025-01-01 01:55:00,-2.834995287139175,UnitMeasure5,Subsystem1
2025-01-01 01:55:30,-2.9139507458654625,UnitMeasure5,Subsystem1
2025-01-01 01:56:00,-2.858292039736774,UnitMeasure5,Subsystem1
2025-01-01 01:56:30,-3.3700434887797943,UnitMeasure5,Subsystem1
2025-01-01 01:57:00,-1.873178457100497,UnitMeasure5,Subsystem1
2025-01-01 01:57:30,0.727997292631368,UnitMeasure5,Subsystem1
2025-01-01 01:58:00,0.6527609631082736,UnitMeasure5,Subsystem1
2025-01-01 01:58:30,-0.8736066696159732,UnitMeasure5,Subsystem1
2025-01-01 01:59:00,-2.7754380555013363,UnitMeasure5,Subsystem1
2025-01-01 01:59:30,-2.8334640898969368,UnitMeasure5,Subsystem1
2025-01-01 02:00:00,-2.866615937608879,UnitMeasure5,Subsystem1
2025-01-01 02:00:30,-3.203204236953602,UnitMeasure5,Subsystem1
2025-01-01 02:01:00,-3.1648212321274705,UnitMeasure5,Subsystem1
2025-01-01 02:01:30,-1.9271560257598979,UnitMeasure5,Subsystem1
2025-01-01 02:02:30,-2.911690231498638,UnitMeasure5,Subsystem1
2025-01-01 02:03:00,-4.499609617988531,UnitMeasure5,Subsystem1
2025-01-01 02:03:30,-6.06611011354194,UnitMeasure5,Subsystem1
2025-01-01 02:04:00,-5.22140740730759,UnitMeasure5,Subsystem1
2025-01-01 02:04:30,-3.1391754449445615,UnitMeasure5,Subsystem1
2025-01-01 02:05:00,-2.797493795995778,UnitMeasure5,Subsystem1
2025-01-01 02:05:30,-2.8643848743701077,UnitMeasure5,Subsystem1
2025-01-01 02:06:00,-0.6886426468494831,UnitMeasure5,Subsystem1
2025-01-01 02:06:30,2.997068799379571,UnitMeasure5,Subsystem1
2025-01-01 02:07:00,4.032745015094406,UnitMeasure5,Subsystem1
2025-01-01 02:07:30,2.5430387871212448,UnitMeasure5,Subsystem1
2025-01-01 02:08:00,2.0598263348866235,UnitMeasure5,Subsystem1
2025-01-01 02:08:30,2.0978536677959205,UnitMeasure5,Subsystem1
2025-01-01 02:09:00,2.636961540840171,UnitMeasure5,Subsystem1
2025-01-01 02:09:30,3.725633514766412,UnitMeasure5,Subsystem1
2025-01-01 02:10:00,3.8061883223918573,UnitMeasure5,Subsystem1
2025-01-01 02:10:30,3.191004309743171,UnitMeasure5,Subsystem1
2025-01-01 02:11:00,-0.6917880936671108,UnitMeasure5,Subsystem1
2025-01-01 02:11:30,-5.466393944404354,UnitMeasure5,Subsystem1
2025-01-01 02:12:00,-8.72257970713486,UnitMeasure5,Subsystem1
2025-01-01 02:12:30,-10.863661491016835,UnitMeasure5,Subsystem1
2025-01-01 02:13:00,-10.312184992940418,UnitMeasure5,Subsystem1
2025-01-01 02:13:30,-10.326205848122822,UnitMeasure5,Subsystem1
2025-01-01 02:14:00,-11.279491322527,UnitMeasure5,Subsystem1
2025-01-01 02:14:30,-12.314957374053778,UnitMeasure5,Subsystem1
2025-01-01 02:15:30,-10.925527917326528,UnitMeasure5,Subsystem1
2025-01-01 02:16:00,-10.328004214995522,UnitMeasure5,Subsystem1
2025-01-01 02:16:30,-9.822153902986518,UnitMeasure5,Subsystem1
2025-01-01 02:17:30,-10.856661466600332,UnitMeasure5,Subsystem1
2025-01-01 02:18:00,-10.799889469814223,UnitMeasure5,Subsystem1
2025-01-01 02:18:30,-10.985745462645436,UnitMeasure5,Subsystem1
2025-01-01 02:19:00,-11.323476590890786,UnitMeasure5,Subsystem1
2025-01-01 02:19:30,-11.969375565821046,UnitMeasure5,Subsystem1
2025-01-01 02:20:00,-12.304622458593641,UnitMeasure5,Subsystem1
2025-01-01 02:20:30,-11.696124158634106,UnitMeasure5,Subsystem1
2025-01-01 02:21:00,-9.290712861027835,UnitMeasure5,Subsystem1
2025-01-01 02:21:30,-8.327697993997907,UnitMeasure5,Subsystem1
2025-01-01 02:22:00,-6.581394264680748,UnitMeasure5,Subsystem1
2025-01-01 02:22:30,-6.992608541156447,UnitMeasure5,Subsystem1
2025-01-01 02:23:00,-8.31791937407579,UnitMeasure5,Subsystem1
2025-01-01 02:23:30,-8.966151411810062,UnitMeasure5,Subsystem1
2025-01-01 02:24:00,-8.370493059332258,UnitMeasure5,Subsystem1
2025-01-01 02:24:30,-8.188215110893989,UnitMeasure5,Subsystem1
2025-01-01 02:25:00,-8.743435126723426,UnitMeasure5,Subsystem1
2025-01-01 02:25:30,-9.871298762567088,UnitMeasure5,Subsystem1
2025-01-01 02:26:00,-11.244027569378254,UnitMeasure5,Subsystem1
2025-01-01 02:26:30,-11.300343101366073,UnitMeasure5,Subsystem1
2025-01-01 02:27:00,-10.295351348562793,UnitMeasure5,Subsystem1
2025-01-01 02:27:30,-10.002596263739516,UnitMeasure5,Subsystem1
2025-01-01 02:28:00,-9.516507895462325,UnitMeasure5,Subsystem1
2025-01-01 02:28:30,-8.707465914971186,UnitMeasure5,Subsystem1
2025-01-01 02:29:00,-7.1573452228000125,UnitMeasure5,Subsystem1
2025-01-01 02:29:30,-5.37500940234724,UnitMeasure5,Subsystem1
2025-01-01 02:30:00,-5.078730735279864,UnitMeasure5,Subsystem1
2025-01-01 02:30:30,-6.244864751032498,UnitMeasure5,Subsystem1
2025-01-01 02:31:00,-6.7395149479472005,UnitMeasure5,Subsystem1
2025-01-01 02:31:30,-5.8046144260180625,UnitMeasure5,Subsystem1
2025-01-01 02:32:00,-4.643992968991909,UnitMeasure5,Subsystem1
2025-01-01 02:32:30,-4.009509864400783,UnitMeasure5,Subsystem1
2025-01-01 02:33:30,-1.9045893234834947,UnitMeasure5,Subsystem1
2025-01-01 02:34:00,-1.3033328131373882,UnitMeasure5,Subsystem1
2025-01-01 02:34:30,-1.238121074670409,UnitMeasure5,Subsystem1
2025-01-01 02:35:30,-0.7857774330008378,UnitMeasure5,Subsystem1
2025-01-01 02:36:00,1.0792043660633124,UnitMeasure5,Subsystem1
2025-01-01 02:36:30,3.4638578964952127,UnitMeasure5,Subsystem1
2025-01-01 02:37:00,6.231148705396246,UnitMeasure5,Subsystem1
2025-01-01 02:37:30,8.066974743964336,UnitMeasure5,Subsystem1
2025-01-01 02:38:00,9.37926397944404,UnitMeasure5,Subsystem1
2025-01-01 02:38:30,9.68165826621522,UnitMeasure5,Subsystem1
2025-01-01 02:39:00,9.84737529065174,UnitMeasure5,Subsystem1
2025-01-01 02:39:30,9.82591196132455,UnitMeasure5,Subsystem1
2025-01-01 02:40:00,9.889911078670465,UnitMeasure5,Subsystem1
2025-01-01 02:40:30,10.54158815779746,UnitMeasure5,Subsystem1
2025-01-01 02:41:00,10.41939923955097,UnitMeasure5,Subsystem1
2025-01-01 02:41:30,11.975387484022427,UnitMeasure5,Subsystem1
2025-01-01 02:42:00,12.78787761476131,UnitMeasure5,Subsystem1
2025-01-01 02:42:30,11.615042760030972,UnitMeasure5,Subsystem1
2025-01-01 02:43:00,10.9532952913586,UnitMeasure5,Subsystem1
2025-01-01 02:43:30,12.037902904931656,UnitMeasure5,Subsystem1
2025-01-01 02:44:00,14.192194274366214,UnitMeasure5,Subsystem1
2025-01-01 02:44:30,16.238504263374683,UnitMeasure5,Subsystem1
2025-01-01 02:45:00,17.275082893347577,UnitMeasure5,Subsystem1
2025-01-01 02:45:30,16.56569592866721,UnitMeasure5,Subsystem1
2025-01-01 02:46:00,15.485635692281956,UnitMeasure5,Subsystem1
2025-01-01 02:46:30,14.222097027217796,UnitMeasure5,Subsystem1
2025-01-01 02:47:00,14.451906827750632,UnitMeasure5,Subsystem1
2025-01-01 02:47:30,15.117562339377969,UnitMeasure5,Subsystem1
2025-01-01 02:48:00,14.771741939389958,UnitMeasure5,Subsystem1
2025-01-01 02:48:30,13.571616487309978,UnitMeasure5,Subsystem1
2025-01-01 02:49:00,13.030459651513064,UnitMeasure5,Subsystem1
2025-01-01 02:49:30,12.647531163900105,UnitMeasure5,Subsystem1
2025-01-01 02:50:00,11.554780438076724,UnitMeasure5,Subsystem1
2025-01-01 02:50:30,10.685374805379135,UnitMeasure5,Subsystem1
2025-01-01 02:51:00,10.668372449820126,UnitMeasure5,Subsystem1
2025-01-01 02:51:30,10.590365610956697,UnitMeasure5,Subsystem1
2025-01-01 02:52:00,9.85389854090635,UnitMeasure5,Subsystem1
2025-01-01 02:52:30,9.302510716972337,UnitMeasure5,Subsystem1
2025-01-01 02:53:00,7.760767701749678,UnitMeasure5,Subsystem1
2025-01-01 02:53:30,4.921043752054193,UnitMeasure5,Subsystem1
2025-01-01 02:54:00,1.889269742684549,UnitMeasure5,Subsystem1
2025-01-01 02:54:30,0.016560908647322847,UnitMeasure5,Subsystem1
2025-01-01 02:55:30,1.765947368229875,UnitMeasure5,Subsystem1
2025-01-01 02:56:00,4.63511490093308,UnitMeasure5,Subsystem1
2025-01-01 02:56:30,6.376839934811436,UnitMeasure5,Subsystem1
2025-01-01 02:57:00,6.672729129654673,UnitMeasure5,Subsystem1
2025-01-01 02:57:30,5.323321820238252,UnitMeasure5,Subsystem1
2025-01-01 02:58:00,3.948910249673351,UnitMeasure5,Subsystem1
2025-01-01 02:58:30,2.9985309618380906,UnitMeasure5,Subsystem1
2025-01-01 02:59:00,3.0109136467499753,UnitMeasure5,Subsystem1
2025-01-01 02:59:30,2.534502412139222,UnitMeasure5,Subsystem1
2025-01-01 03:00:00,2.41302463981708,UnitMeasure5,Subsystem1
2025-01-01 03:00:30,4.067566100790281,UnitMeasure5,Subsystem1
2025-01-01 03:01:00,5.891893427974458,UnitMeasure5,Subsystem1
2025-01-01 03:01:30,7.186699033248846,UnitMeasure5,Subsystem1
2025-01-01 03:02:00,8.276562984523416,UnitMeasure5,Subsystem1
2025-01-01 03:02:30,8.631172998612618,UnitMeasure5,Subsystem1
2025-01-01 03:03:00,8.726415414030825,UnitMeasure5,Subsystem1
2025-01-01 03:03:30,8.712065866519922,UnitMeasure5,Subsystem1
2025-01-01 03:04:00,8.853539772470953,UnitMeasure5,Subsystem1
2025-01-01 03:04:30,8.217237707832565,UnitMeasure5,Subsystem1
2025-01-01 03:05:00,7.453725332535925,UnitMeasure5,Subsystem1
2025-01-01 03:05:30,7.511846121691378,UnitMeasure5,Subsystem1
2025-01-01 03:06:00,9.489080244913259,UnitMeasure5,Subsystem1
2025-01-01 03:06:30,12.442523587371202,UnitMeasure5,Subsystem1
2025-01-01 03:07:00,16.589024763295896,UnitMeasure5,Subsystem1
2025-01-01 03:07:30,18.736257675088204,UnitMeasure5,Subsystem1
2025-01-01 03:08:00,19.8311156732445,UnitMeasure5,Subsystem1
2025-01-01 03:08:30,20.318266563278915,UnitMeasure5,Subsystem1
2025-01-01 03:09:00,22.849631836433936,UnitMeasure5,Subsystem1
2025-01-01 03:09:30,24.5541128267998,UnitMeasure5,Subsystem1
2025-01-01 03:10:00,24.10575207026541,UnitMeasure5,Subsystem1
2025-01-01 03:10:30,22.109736208047718,UnitMeasure5,Subsystem1
2025-01-01 03:11:00,18.488370601842014,UnitMeasure5,Subsystem1
2025-01-01 03:11:30,15.196781514393734,UnitMeasure5,Subsystem1
2025-01-01 03:12:00,12.744573980365924,UnitMeasure5,Subsystem1
2025-01-01 03:12:30,11.878555168253849,UnitMeasure5,Subsystem1
2025-01-01 03:13:00,12.26285009490154,UnitMeasure5,Subsystem1
2025-01-01 03:13:30,14.797844821878448,UnitMeasure5,Subsystem1
2025-01-01 03:14:00,18.147921588153707,UnitMeasure5,Subsystem1
2025-01-01 03:14:30,19.745413188561102,UnitMeasure5,Subsystem1
2025-01-01 03:15:00,18.747210083906,UnitMeasure5,Subsystem1
2025-01-01 03:15:30,17.62853490347537,UnitMeasure5,Subsystem1
2025-01-01 03:16:00,16.024141983902584,UnitMeasure5,Subsystem1
2025-01-01 03:16:30,16.68850891231777,UnitMeasure5,Subsystem1
2025-01-01 03:17:00,19.304036024546264,UnitMeasure5,Subsystem1
2025-01-01 03:17:30,21.233633898641088,UnitMeasure5,Subsystem1
2025-01-01 03:18:00,19.903743173494064,UnitMeasure5,Subsystem1
2025-01-01 03:18:30,18.94163730347632,UnitMeasure5,Subsystem1
2025-01-01 03:19:00,18.97690027027357,UnitMeasure5,Subsystem1
2025-01-01 03:19:30,20.810312338248146,UnitMeasure5,Subsystem1
2025-01-01 03:20:00,20.832102805350047,UnitMeasure5,Subsystem1
2025-01-01 03:20:30,19.199958297269,UnitMeasure5,Subsystem1
2025-01-01 03:21:00,17.545728814760608,UnitMeasure5,Subsystem1
2025-01-01 03:21:30,16.996964507236196,UnitMeasure5,Subsystem1
2025-01-01 03:22:00,16.715835718796143,UnitMeasure5,Subsystem1
2025-01-01 03:22:30,17.079367229046596,UnitMeasure5,Subsystem1
2025-01-01 03:23:00,16.50248506986397,UnitMeasure5,Subsystem1
2025-01-01 03:23:30,15.52706434976344,UnitMeasure5,Subsystem1
2025-01-01 03:24:00,14.898156341393179,UnitMeasure5,Subsystem1
2025-01-01 03:24:30,15.37145988481268,UnitMeasure5,Subsystem1
2025-01-01 03:25:00,16.821705526652703,UnitMeasure5,Subsystem1
2025-01-01 03:25:30,16.88516094695093,UnitMeasure5,Subsystem1
2025-01-01 03:26:00,14.55891228422836,UnitMeasure5,Subsystem1
2025-01-01 03:26:30,13.399739789698293,UnitMeasure5,Subsystem1
2025-01-01 03:27:00,14.040401562011912,UnitMeasure5,Subsystem1
2025-01-01 03:28:00,15.748483766601096,UnitMeasure5,Subsystem1
2025-01-01 03:28:30,17.091098032292535,UnitMeasure5,Subsystem1
2025-01-01 03:29:00,19.160514403034778,UnitMeasure5,Subsystem1
2025-01-01 03:29:30,20.6693682041193,UnitMeasure5,Subsystem1
2025-01-01 03:30:00,23.361489180923204,UnitMeasure5,Subsystem1
2025-01-01 03:30:30,27.342381360849455,UnitMeasure5,Subsystem1
2025-01-01 03:31:00,30.08226194106305,UnitMeasure5,Subsystem1
2025-01-01 03:31:30,31.805773900788157,UnitMeasure5,Subsystem1
2025-01-01 03:32:00,33.13618901121135,UnitMeasure5,Subsystem1
2025-01-01 03:32:30,35.41784698906142,UnitMeasure5,Subsystem1
2025-01-01 03:33:00,36.275940459195496,UnitMeasure5,Subsystem1
2025-01-01 03:33:30,36.652259550710106,UnitMeasure5,Subsystem1
2025-01-01 03:34:00,37.80647405360851,UnitMeasure5,Subsystem1
2025-01-01 03:34:30,37.37163217586523,UnitMeasure5,Subsystem1
2025-01-01 03:35:30,30.563109379423036,UnitMeasure5,Subsystem1
2025-01-01 03:36:00,27.131136353597345,UnitMeasure5,Subsystem1
2025-01-01 03:36:30,26.454671685830995,UnitMeasure5,Subsystem1
2025-01-01 03:37:00,28.82649296364448,UnitMeasure5,Subsystem1
2025-01-01 03:37:30,31.37229145790899,UnitMeasure5,Subsystem1
2025-01-01 03:38:00,34.176014915039836,UnitMeasure5,Subsystem1
2025-01-01 03:38:30,34.56072332329295,UnitMeasure5,Subsystem1
2025-01-01 03:39:00,32.00928801252409,UnitMeasure5,Subsystem1
2025-01-01 03:39:30,29.145785655102202,UnitMeasure5,Subsystem1
2025-01-01 03:40:00,28.191615401878263,UnitMeasure5,Subsystem1
2025-01-01 03:40:30,28.61148607622227,UnitMeasure5,Subsystem1
2025-01-01 03:41:00,27.08812466248572,UnitMeasure5,Subsystem1
2025-01-01 03:41:30,24.882082563066497,UnitMeasure5,Subsystem1
2025-01-01 03:42:00,22.181727712566534,UnitMeasure5,Subsystem1
2025-01-01 03:42:30,21.24331564884465,UnitMeasure5,Subsystem1
2025-01-01 03:43:00,21.82625925485211,UnitMeasure5,Subsystem1
2025-01-01 03:43:30,21.833314999766078,UnitMeasure5,Subsystem1
2025-01-01 03:44:00,20.723291655417142,UnitMeasure5,Subsystem1
2025-01-01 03:44:30,18.51701843882501,UnitMeasure5,Subsystem1
2025-01-01 03:45:00,16.839020381008623,UnitMeasure5,Subsystem1
2025-01-01 03:45:30,17.151360461819113,UnitMeasure5,Subsystem1
2025-01-01 03:46:00,17.2955856334617,UnitMeasure5,Subsystem1
2025-01-01 03:46:30,17.488766782947263,UnitMeasure5,Subsystem1
2025-01-01 03:47:00,17.025753541817,UnitMeasure5,Subsystem1
2025-01-01 03:47:30,15.786138185250023,UnitMeasure5,Subsystem1
2025-01-01 03:48:00,14.540252472425403,UnitMeasure5,Subsystem1
2025-01-01 03:48:30,12.889891067084026,UnitMeasure5,Subsystem1
2025-01-01 03:49:00,11.169277985834318,UnitMeasure5,Subsystem1
2025-01-01 03:49:30,8.88092162402184,UnitMeasure5,Subsystem1
2025-01-01 03:50:00,9.246800319186953,UnitMeasure5,Subsystem1
2025-01-01 03:50:30,10.856564021167536,UnitMeasure5,Subsystem1
2025-01-01 03:51:00,11.480826361431918,UnitMeasure5,Subsystem1
2025-01-01 03:51:30,11.195240277599153,UnitMeasure5,Subsystem1
2025-01-01 03:52:00,10.702523894968602,UnitMeasure5,Subsystem1
2025-01-01 03:52:30,10.303389768484063,UnitMeasure5,Subsystem1
2025-01-01 03:53:00,10.674888326315674,UnitMeasure5,Subsystem1
2025-01-01 03:53:30,12.020137987066008,UnitMeasure5,Subsystem1
2025-01-01 03:54:00,12.708141666414155,UnitMeasure5,Subsystem1
2025-01-01 03:54:30,12.04896447470384,UnitMeasure5,Subsystem1
2025-01-01 03:55:00,10.767681973190037,UnitMeasure5,Subsystem1
2025-01-01 03:55:30,7.652137365140738,UnitMeasure5,Subsystem1
2025-01-01 03:56:00,3.435826416309143,UnitMeasure5,Subsystem1
2025-01-01 03:56:30,1.8737403746103884,UnitMeasure5,Subsystem1
2025-01-01 03:57:00,4.157310046277343,UnitMeasure5,Subsystem1
2025-01-01 03:57:30,6.837623261313258,UnitMeasure5,Subsystem1
2025-01-01 03:58:00,8.5275131042868,UnitMeasure5,Subsystem1
2025-01-01 03:58:30,9.284853242524676,UnitMeasure5,Subsystem1
2025-01-01 03:59:00,12.679648840998317,UnitMeasure5,Subsystem1
2025-01-01 03:59:30,17.24799004854645,UnitMeasure5,Subsystem1
2025-01-01 04:00:00,20.150953350618654,UnitMeasure5,Subsystem1
2025-01-01 04:00:30,19.76393117770921,UnitMeasure5,Subsystem1
2025-01-01 04:01:00,16.62653340367438,UnitMeasure5,Subsystem1
2025-01-01 04:01:30,14.107523771416876,UnitMeasure5,Subsystem1
2025-01-01 04:02:00,12.516161938955591,UnitMeasure5,Subsystem1
2025-01-01 04:02:30,10.535208364781235,UnitMeasure5,Subsystem1
2025-01-01 04:03:00,8.215741702222957,UnitMeasure5,Subsystem1
2025-01-01 04:03:30,5.6550789174481935,UnitMeasure5,Subsystem1
2025-01-01 04:04:00,5.798855158331552,UnitMeasure5,Subsystem1
2025-01-01 04:04:30,8.080369311875593,UnitMeasure5,Subsystem1
2025-01-01 04:05:00,10.212336031801597,UnitMeasure5,Subsystem1
2025-01-01 04:05:30,12.447593334563479,UnitMeasure5,Subsystem1
2025-01-01 04:06:00,13.995173304549567,UnitMeasure5,Subsystem1
2025-01-01 04:06:30,13.839268988779455,UnitMeasure5,Subsystem1
2025-01-01 04:07:00,14.403985887164863,UnitMeasure5,Subsystem1
2025-01-01 04:07:30,15.919719644948067,UnitMeasure5,Subsystem1
2025-01-01 04:08:00,16.279444394308555,UnitMeasure5,Subsystem1
2025-01-01 04:08:30,15.429359971968912,UnitMeasure5,Subsystem1
2025-01-01 04:09:00,13.61339126692611,UnitMeasure5,Subsystem1
2025-01-01 04:09:30,10.952655733569348,UnitMeasure5,Subsystem1
2025-01-01 04:10:00,9.91009237608928,UnitMeasure5,Subsystem1
2025-01-01 04:10:30,12.10427783038825,UnitMeasure5,Subsystem1
2025-01-01 04:11:00,13.486947071630182,UnitMeasure5,Subsystem1
2025-01-01 04:11:30,13.92638901321653,UnitMeasure5,Subsystem1
2025-01-01 04:12:00,13.068011374445994,UnitMeasure5,Subsystem1
2025-01-01 04:12:30,11.820341915433518,UnitMeasure5,Subsystem1
2025-01-01 04:13:00,10.33123967038568,UnitMeasure5,Subsystem1
2025-01-01 04:13:30,8.533041173262333,UnitMeasure5,Subsystem1
2025-01-01 04:14:00,7.358626474827896,UnitMeasure5,Subsystem1
2025-01-01 04:14:30,6.159934379343428,UnitMeasure5,Subsystem1
2025-01-01 04:15:00,5.640635250526467,UnitMeasure5,Subsystem1
2025-01-01 04:15:30,5.543409661084558,UnitMeasure5,Subsystem1
2025-01-01 04:16:00,5.436667783765904,UnitMeasure5,Subsystem1
2025-01-01 04:16:30,4.341599319470869,UnitMeasure5,Subsystem1
2025-01-01 04:17:00,2.6277566147998006,UnitMeasure5,Subsystem1
2025-01-01 04:17:30,2.181661707410302,UnitMeasure5,Subsystem1
2025-01-01 04:18:00,3.1681954538326544,UnitMeasure5,Subsystem1
2025-01-01 04:18:30,3.3225984894150096,UnitMeasure5,Subsystem1
2025-01-01 04:19:00,2.8162408854380088,UnitMeasure5,Subsystem1
2025-01-01 04:19:30,3.0421812577436786,UnitMeasure5,Subsystem1
2025-01-01 04:20:00,2.0929675294212333,UnitMeasure5,Subsystem1
2025-01-01 04:20:30,1.329008732902242,UnitMeasure5,Subsystem1
2025-01-01 04:21:00,0.34690353886906033,UnitMeasure5,Subsystem1
2025-01-01 04:21:30,0.38287311192184914,UnitMeasure5,Subsystem1
2025-01-01 04:22:00,0.026697113886163637,UnitMeasure5,Subsystem1
2025-01-01 04:22:30,-2.2520412724069576,UnitMeasure5,Subsystem1
2025-01-01 04:23:00,-6.241815911289226,UnitMeasure5,Subsystem1
2025-01-01 04:23:30,-9.13692378042495,UnitMeasure5,Subsystem1
2025-01-01 04:24:00,-9.786723316918884,UnitMeasure5,Subsystem1
2025-01-01 04:24:30,-10.121903757955025,UnitMeasure5,Subsystem1
2025-01-01 04:25:00,-9.953124860118438,UnitMeasure5,Subsystem1
2025-01-01 04:25:30,-11.334599875474968,UnitMeasure5,Subsystem1
2025-01-01 04:26:00,-12.93894620598786,UnitMeasure5,Subsystem1
2025-01-01 04:26:30,-15.144870715036706,UnitMeasure5,Subsystem1
2025-01-01 04:27:00,-17.245016154186736,UnitMeasure5,Subsystem1
2025-01-01 04:28:00,-19.55590395764361,UnitMeasure5,Subsystem1
2025-01-01 04:28:30,-20.693732237172505,UnitMeasure5,Subsystem1
2025-01-01 04:29:00,-20.46888881438298,UnitMeasure5,Subsystem1
2025-01-01 04:29:30,-20.160492880369425,UnitMeasure5,Subsystem1
2025-01-01 04:30:00,-19.271060935944444,UnitMeasure5,Subsystem1
2025-01-01 04:30:30,-19.70480309551082,UnitMeasure5,Subsystem1
2025-01-01 04:31:00,-20.041344462659996,UnitMeasure5,Subsystem1
2025-01-01 04:31:30,-18.680640535333207,UnitMeasure5,Subsystem1
2025-01-01 04:32:00,-19.363915304240482,UnitMeasure5,Subsystem1
2025-01-01 04:32:30,-21.8931400398753,UnitMeasure5,Subsystem1
2025-01-01 04:33:00,-23.62949209160582,UnitMeasure5,Subsystem1
2025-01-01 04:33:30,-23.961232619938187,UnitMeasure5,Subsystem1
2025-01-01 04:34:30,-23.284521723361845,UnitMeasure5,Subsystem1
2025-01-01 04:35:00,-23.628617359118465,UnitMeasure5,Subsystem1
2025-01-01 04:35:30,-24.082097312897417,UnitMeasure5,Subsystem1
2025-01-01 04:36:00,-23.12246072418131,UnitMeasure5,Subsystem1
2025-01-01 04:36:30,-21.62088553169904,UnitMeasure5,Subsystem1
2025-01-01 04:37:00,-20.269417296083063,UnitMeasure5,Subsystem1
2025-01-01 04:37:30,-20.102066092282623,UnitMeasure5,Subsystem1
2025-01-01 04:38:00,-20.98970915440981,UnitMeasure5,Subsystem1
2025-01-01 04:38:30,-22.32405349852337,UnitMeasure5,Subsystem1
2025-01-01 04:39:00,-22.780679542583577,UnitMeasure5,Subsystem1
2025-01-01 04:39:30,-22.989487130324463,UnitMeasure5,Subsystem1
2025-01-01 04:40:00,-22.82421460206211,UnitMeasure5,Subsystem1
2025-01-01 04:40:30,-20.566406072458506,UnitMeasure5,Subsystem1
2025-01-01 04:41:00,-17.27552230003441,UnitMeasure5,Subsystem1
2025-01-01 04:41:30,-15.37526101673846,UnitMeasure5,Subsystem1
2025-01-01 04:42:00,-13.980914104303759,UnitMeasure5,Subsystem1
2025-01-01 04:42:30,-13.543960048283934,UnitMeasure5,Subsystem1
2025-01-01 04:43:00,-15.596675330724297,UnitMeasure5,Subsystem1
2025-01-01 04:43:30,-19.085655129880017,UnitMeasure5,Subsystem1
2025-01-01 04:44:00,-23.40404727697744,UnitMeasure5,Subsystem1
2025-01-01 04:44:30,-26.467412930669266,UnitMeasure5,Subsystem1
2025-01-01 04:45:00,-27.67322500828381,UnitMeasure5,Subsystem1
2025-01-01 04:45:30,-25.928255339091507,UnitMeasure5,Subsystem1
2025-01-01 04:46:00,-23.41600221020552,UnitMeasure5,Subsystem1
2025-01-01 04:46:30,-22.116130973928385,UnitMeasure5,Subsystem1
2025-01-01 04:47:00,-21.298235161983893,UnitMeasure5,Subsystem1
2025-01-01 04:47:30,-22.993477184021383,UnitMeasure5,Subsystem1
2025-01-01 04:48:00,-24.887817100967368,UnitMeasure5,Subsystem1
2025-01-01 04:48:30,-25.162283217881246,UnitMeasure5,Subsystem1
2025-01-01 04:49:00,-25.77131405911678,UnitMeasure5,Subsystem1
2025-01-01 04:49:30,-25.519351096600964,UnitMeasure5,Subsystem1
2025-01-01 04:50:00,-24.659938945349552,UnitMeasure5,Subsystem1
2025-01-01 04:50:30,-24.162287466794876,UnitMeasure5,Subsystem1
2025-01-01 04:51:00,-23.64315672531626,UnitMeasure5,Subsystem1
2025-01-01 04:51:30,-20.982228620917695,UnitMeasure5,Subsystem1
2025-01-01 04:52:00,-18.04743072451505,UnitMeasure5,Subsystem1
2025-01-01 04:52:30,-16.206715605736616,UnitMeasure5,Subsystem1
2025-01-01 04:53:00,-16.275926191690555,UnitMeasure5,Subsystem1
2025-01-01 04:53:30,-17.82170499766097,UnitMeasure5,Subsystem1
2025-01-01 04:54:00,-18.394670829154396,UnitMeasure5,Subsystem1
2025-01-01 04:55:00,-19.213723476257496,UnitMeasure5,Subsystem1
2025-01-01 04:55:30,-19.930137256208287,UnitMeasure5,Subsystem1
2025-01-01 04:56:00,-19.997944220823733,UnitMeasure5,Subsystem1
2025-01-01 04:56:30,-19.37499149143851,UnitMeasure5,Subsystem1
2025-01-01 04:57:00,-17.66513223043805,UnitMeasure5,Subsystem1
2025-01-01 04:57:30,-16.75333458299805,UnitMeasure5,Subsystem1
2025-01-01 04:58:00,-16.989523365857014,UnitMeasure5,Subsystem1
2025-01-01 04:58:30,-18.629260765761252,UnitMeasure5,Subsystem1
2025-01-01 04:59:00,-20.502596240132135,UnitMeasure5,Subsystem1
2025-01-01 04:59:30,-21.212234205077024,UnitMeasure5,Subsystem1
2025-01-01 05:00:00,-20.24863838450732,UnitMeasure5,Subsystem1
2025-01-01 05:00:30,-19.944212989263203,UnitMeasure5,Subsystem1
2025-01-01 05:01:00,-19.48949593619088,UnitMeasure5,Subsystem1
2025-01-01 05:01:30,-17.73749194485069,UnitMeasure5,Subsystem1
2025-01-01 05:02:00,-15.487469817910304,UnitMeasure5,Subsystem1
2025-01-01 05:03:00,-10.745819323593649,UnitMeasure5,Subsystem1
2025-01-01 05:03:30,-11.934802188768149,UnitMeasure5,Subsystem1
2025-01-01 05:04:00,-15.667716531114534,UnitMeasure5,Subsystem1
2025-01-01 05:04:30,-17.181512234840913,UnitMeasure5,Subsystem1
2025-01-01 05:05:00,-15.98680533254122,UnitMeasure5,Subsystem1
2025-01-01 05:05:30,-14.225154939111045,UnitMeasure5,Subsystem1
2025-01-01 05:06:00,-13.200078947291116,UnitMeasure5,Subsystem1
2025-01-01 05:06:30,-14.102136822518316,UnitMeasure5,Subsystem1
2025-01-01 05:07:00,-12.954985618953152,UnitMeasure5,Subsystem1
2025-01-01 05:07:30,-10.89686989280796,UnitMeasure5,Subsystem1
2025-01-01 05:08:00,-9.233946732951576,UnitMeasure5,Subsystem1
2025-01-01 05:08:30,-8.086844229305488,UnitMeasure5,Subsystem1
2025-01-01 05:09:00,-6.979736122989142,UnitMeasure5,Subsystem1
2025-01-01 05:09:30,-5.982738145251725,UnitMeasure5,Subsystem1
2025-01-01 05:10:30,-6.602817712134326,UnitMeasure5,Subsystem1
2025-01-01 05:11:00,-4.767504839652191,UnitMeasure5,Subsystem1
2025-01-01 05:11:30,-1.1512830877764761,UnitMeasure5,Subsystem1
2025-01-01 05:12:00,3.163045573315741,UnitMeasure5,Subsystem1
2025-01-01 05:12:30,5.264476779291867,UnitMeasure5,Subsystem1
2025-01-01 05:13:00,4.418231978881403,UnitMeasure5,Subsystem1
2025-01-01 05:13:30,2.596837261997987,UnitMeasure5,Subsystem1
2025-01-01 05:14:30,2.618429064751471,UnitMeasure5,Subsystem1
2025-01-01 05:15:00,2.371816354323392,UnitMeasure5,Subsystem1
2025-01-01 05:15:30,2.8314998345470475,UnitMeasure5,Subsystem1
2025-01-01 05:16:00,3.374977656448828,UnitMeasure5,Subsystem1
2025-01-01 05:16:30,3.4689749840871746,UnitMeasure5,Subsystem1
2025-01-01 05:17:00,2.0644688056285867,UnitMeasure5,Subsystem1
2025-01-01 05:17:30,-1.05146723351639,UnitMeasure5,Subsystem1
2025-01-01 05:18:30,-2.7220442177644815,UnitMeasure5,Subsystem1
2025-01-01 05:19:00,-3.2961894991078857,UnitMeasure5,Subsystem1
2025-01-01 05:19:30,-5.632731867142652,UnitMeasure5,Subsystem1
2025-01-01 05:20:00,-8.157286963274798,UnitMeasure5,Subsystem1
2025-01-01 05:20:30,-7.756401845235948,UnitMeasure5,Subsystem1
2025-01-01 05:21:00,-6.283734358160494,UnitMeasure5,Subsystem1
2025-01-01 05:21:30,-6.805813200481931,UnitMeasure5,Subsystem1
2025-01-01 05:22:00,-8.660525734777403,UnitMeasure5,Subsystem1
2025-01-01 05:22:30,-10.328474585479448,UnitMeasure5,Subsystem1
2025-01-01 05:23:00,-13.63301458127256,UnitMeasure5,Subsystem1
2025-01-01 05:23:30,-16.62254128970066,UnitMeasure5,Subsystem1
2025-01-01 05:24:00,-18.36374708796827,UnitMeasure5,Subsystem1
2025-01-01 05:24:30,-17.945611123262182,UnitMeasure5,Subsystem1
2025-01-01 05:25:00,-15.103842136571442,UnitMeasure5,Subsystem1
2025-01-01 05:25:30,-11.342691038443604,UnitMeasure5,Subsystem1
2025-01-01 05:26:00,-9.210820580394943,UnitMeasure5,Subsystem1
2025-01-01 05:26:30,-10.015062740112814,UnitMeasure5,Subsystem1
2025-01-01 05:27:30,-7.20219222214048,UnitMeasure5,Subsystem1
2025-01-01 05:28:00,-5.6445553872081975,UnitMeasure5,Subsystem1
2025-01-01 05:28:30,-5.343534341876202,UnitMeasure5,Subsystem1
2025-01-01 05:29:00,-5.394644531867538,UnitMeasure5,Subsystem1
2025-01-01 05:29:30,-5.528201969792436,UnitMeasure5,Subsystem1
2025-01-01 05:30:00,-6.183055967061296,UnitMeasure5,Subsystem1
2025-01-01 05:30:30,-7.4114578751602185,UnitMeasure5,Subsystem1
2025-01-01 05:31:00,-8.39491256691677,UnitMeasure5,Subsystem1
2025-01-01 05:31:30,-9.306673851405796,UnitMeasure5,Subsystem1
2025-01-01 05:32:00,-10.565417447133393,UnitMeasure5,Subsystem1
2025-01-01 05:32:30,-11.451153597129467,UnitMeasure5,Subsystem1
2025-01-01 05:33:00,-11.98430858880447,UnitMeasure5,Subsystem1
2025-01-01 05:33:30,-10.64651632070521,UnitMeasure5,Subsystem1
2025-01-01 05:34:00,-11.669398619206484,UnitMeasure5,Subsystem1
2025-01-01 05:34:30,-12.563164972020475,UnitMeasure5,Subsystem1
2025-01-01 05:35:00,-11.64862921266895,UnitMeasure5,Subsystem1
2025-01-01 05:35:30,-11.966206806122523,UnitMeasure5,Subsystem1
2025-01-01 05:36:00,-13.56652571846314,UnitMeasure5,Subsystem1
2025-01-01 05:36:30,-15.486361268436502,UnitMeasure5,Subsystem1
2025-01-01 05:37:00,-17.779381807877428,UnitMeasure5,Subsystem1
2025-01-01 05:37:30,-20.179689154324855,UnitMeasure5,Subsystem1
2025-01-01 05:38:00,-22.806107059124038,UnitMeasure5,Subsystem1
2025-01-01 05:38:30,-22.666659245044908,UnitMeasure5,Subsystem1
2025-01-01 05:39:00,-20.28646295624366,UnitMeasure5,Subsystem1
2025-01-01 05:39:30,-16.7725835014531,UnitMeasure5,Subsystem1
2025-01-01 05:40:00,-13.84538420727416,UnitMeasure5,Subsystem1
2025-01-01 05:40:30,-13.574836428175372,UnitMeasure5,Subsystem1
2025-01-01 05:41:00,-15.156812071967853,UnitMeasure5,Subsystem1
2025-01-01 05:41:30,-16.179489968543905,UnitMeasure5,Subsystem1
2025-01-01 05:42:00,-17.381194157922938,UnitMeasure5,Subsystem1
2025-01-01 05:42:30,-17.599842665262845,UnitMeasure5,Subsystem1
2025-01-01 05:43:00,-17.587905554310325,UnitMeasure5,Subsystem1
2025-01-01 05:43:30,-17.83239138939185,UnitMeasure5,Subsystem1
2025-01-01 05:44:00,-17.543648720444452,UnitMeasure5,Subsystem1
2025-01-01 05:44:30,-16.579762877057114,UnitMeasure5,Subsystem1
2025-01-01 05:45:00,-16.051125811066704,UnitMeasure5,Subsystem1
2025-01-01 05:45:30,-14.951749641599722,UnitMeasure5,Subsystem1
2025-01-01 05:46:00,-15.027976118690905,UnitMeasure5,Subsystem1
2025-01-01 05:46:30,-15.025836848209643,UnitMeasure5,Subsystem1
2025-01-01 05:47:00,-14.367366969841243,UnitMeasure5,Subsystem1
2025-01-01 05:48:00,-13.373956224717798,UnitMeasure5,Subsystem1
2025-01-01 05:48:30,-14.445394886325957,UnitMeasure5,Subsystem1
2025-01-01 05:49:00,-14.818319343583992,UnitMeasure5,Subsystem1
2025-01-01 05:49:30,-14.74274190464541,UnitMeasure5,Subsystem1
2025-01-01 05:50:00,-14.968178267484372,UnitMeasure5,Subsystem1
2025-01-01 05:50:30,-14.41988603604593,UnitMeasure5,Subsystem1
2025-01-01 05:51:00,-14.321135890813306,UnitMeasure5,Subsystem1
2025-01-01 05:51:30,-15.925198618994752,UnitMeasure5,Subsystem1
2025-01-01 05:52:00,-19.3649265778985,UnitMeasure5,Subsystem1
2025-01-01 05:52:30,-21.434280816982785,UnitMeasure5,Subsystem1
2025-01-01 05:53:00,-22.99283808054506,UnitMeasure5,Subsystem1
2025-01-01 05:53:30,-22.08643859666484,UnitMeasure5,Subsystem1
2025-01-01 05:54:00,-22.65678124327615,UnitMeasure5,Subsystem1
2025-01-01 05:54:30,-22.194815459396747,UnitMeasure5,Subsystem1
2025-01-01 05:55:00,-21.21693443999269,UnitMeasure5,Subsystem1
2025-01-01 05:55:30,-20.304651097322324,UnitMeasure5,Subsystem1
2025-01-01 05:56:00,-20.632621394608556,UnitMeasure5,Subsystem1
2025-01-01 05:56:30,-20.981506650213678,UnitMeasure5,Subsystem1
2025-01-01 05:57:00,-21.035585463550973,UnitMeasure5,Subsystem1
2025-01-01 05:57:30,-19.774941661451106,UnitMeasure5,Subsystem1
2025-01-01 05:58:00,-18.36618168992235,UnitMeasure5,Subsystem1
2025-01-01 05:58:30,-17.42713373941888,UnitMeasure5,Subsystem1
2025-01-01 05:59:00,-17.548962617787453,UnitMeasure5,Subsystem1
2025-01-01 05:59:30,-18.074661467208422,UnitMeasure5,Subsystem1
2025-01-01 06:00:00,-18.142502941331504,UnitMeasure5,Subsystem1
2025-01-01 06:00:30,-19.58756998447551,UnitMeasure5,Subsystem1
2025-01-01 06:01:00,-22.575089064548816,UnitMeasure5,Subsystem1
2025-01-01 06:01:30,-24.286279520837166,UnitMeasure5,Subsystem1
2025-01-01 06:02:00,-24.182626711053157,UnitMeasure5,Subsystem1
2025-01-01 06:02:30,-23.561487537358165,UnitMeasure5,Subsystem1
2025-01-01 06:03:00,-23.317527590264504,UnitMeasure5,Subsystem1
2025-01-01 06:03:30,-23.04738534584632,UnitMeasure5,Subsystem1
2025-01-01 06:04:00,-23.29898468758338,UnitMeasure5,Subsystem1
2025-01-01 06:04:30,-24.490205941535887,UnitMeasure5,Subsystem1
2025-01-01 06:05:00,-25.45598221731439,UnitMeasure5,Subsystem1
2025-01-01 06:05:30,-26.73542208389263,UnitMeasure5,Subsystem1
2025-01-01 06:06:00,-27.253715282562368,UnitMeasure5,Subsystem1
2025-01-01 06:06:30,-28.944145699346343,UnitMeasure5,Subsystem1
2025-01-01 06:07:00,-29.529706306573615,UnitMeasure5,Subsystem1
2025-01-01 06:07:30,-28.82056322245418,UnitMeasure5,Subsystem1
2025-01-01 06:08:00,-27.47126661362825,UnitMeasure5,Subsystem1
2025-01-01 06:08:30,-25.69581601098739,UnitMeasure5,Subsystem1
2025-01-01 06:09:00,-22.813516906749395,UnitMeasure5,Subsystem1
2025-01-01 06:09:30,-19.507767978411284,UnitMeasure5,Subsystem1
2025-01-01 06:10:00,-19.30807814928372,UnitMeasure5,Subsystem1
2025-01-01 06:10:30,-22.114460952833717,UnitMeasure5,Subsystem1
2025-01-01 06:11:00,-25.5124018390272,UnitMeasure5,Subsystem1
2025-01-01 06:11:30,-27.242449767663725,UnitMeasure5,Subsystem1
2025-01-01 06:12:00,-26.912120433146697,UnitMeasure5,Subsystem1
2025-01-01 06:12:30,-26.721764869537793,UnitMeasure5,Subsystem1
2025-01-01 06:13:30,-27.751579331701738,UnitMeasure5,Subsystem1
2025-01-01 06:14:00,-29.214614319020228,UnitMeasure5,Subsystem1
2025-01-01 06:14:30,-31.709061447762643,UnitMeasure5,Subsystem1
2025-01-01 06:15:00,-34.54121151042165,UnitMeasure5,Subsystem1
2025-01-01 06:15:30,-37.66129764190289,UnitMeasure5,Subsystem1
2025-01-01 06:16:00,-40.57715718215916,UnitMeasure5,Subsystem1
2025-01-01 06:16:30,-41.19245295628045,UnitMeasure5,Subsystem1
2025-01-01 06:17:00,-41.381111745037465,UnitMeasure5,Subsystem1
2025-01-01 06:17:30,-38.942781925365075,UnitMeasure5,Subsystem1
2025-01-01 06:18:30,-33.70043727636976,UnitMeasure5,Subsystem1
2025-01-01 06:19:00,-33.96941849769152,UnitMeasure5,Subsystem1
2025-01-01 06:19:30,-34.410184952152704,UnitMeasure5,Subsystem1
2025-01-01 06:20:00,-34.9762821066996,UnitMeasure5,Subsystem1
2025-01-01 06:20:30,-35.16241898763236,UnitMeasure5,Subsystem1
2025-01-01 06:21:00,-32.65336406027733,UnitMeasure5,Subsystem1
2025-01-01 06:21:30,-29.875708608736396,UnitMeasure5,Subsystem1
2025-01-01 06:22:00,-27.25448186687316,UnitMeasure5,Subsystem1
2025-01-01 06:22:30,-26.680712758098654,UnitMeasure5,Subsystem1
2025-01-01 06:23:00,-27.161247236864,UnitMeasure5,Subsystem1
2025-01-01 06:23:30,-26.006102139640735,UnitMeasure5,Subsystem1
2025-01-01 06:24:00,-24.883379194893315,UnitMeasure5,Subsystem1
2025-01-01 06:24:30,-22.6432954828105,UnitMeasure5,Subsystem1
2025-01-01 06:25:00,-20.196803410038648,UnitMeasure5,Subsystem1
2025-01-01 06:25:30,-19.127659348895328,UnitMeasure5,Subsystem1
2025-01-01 06:26:00,-18.69745708236103,UnitMeasure5,Subsystem1
2025-01-01 06:26:30,-17.56638290408795,UnitMeasure5,Subsystem1
2025-01-01 06:27:00,-15.713331427875092,UnitMeasure5,Subsystem1
2025-01-01 06:27:30,-15.974946642009053,UnitMeasure5,Subsystem1
2025-01-01 06:28:00,-18.051746137223233,UnitMeasure5,Subsystem1
2025-01-01 06:28:30,-20.179610438310394,UnitMeasure5,Subsystem1
2025-01-01 06:29:00,-21.16542847822884,UnitMeasure5,Subsystem1
2025-01-01 06:29:30,-20.624614973491074,UnitMeasure5,Subsystem1
2025-01-01 06:30:00,-19.579979480408934,UnitMeasure5,Subsystem1
2025-01-01 06:30:30,-20.23538723893725,UnitMeasure5,Subsystem1
2025-01-01 06:31:00,-21.191948455412064,UnitMeasure5,Subsystem1
2025-01-01 06:31:30,-21.06827597574302,UnitMeasure5,Subsystem1
2025-01-01 06:32:00,-19.727098181386673,UnitMeasure5,Subsystem1
2025-01-01 06:32:30,-17.487596686227366,UnitMeasure5,Subsystem1
2025-01-01 06:33:00,-15.05281266297581,UnitMeasure5,Subsystem1
2025-01-01 06:33:30,-13.111528435515694,UnitMeasure5,Subsystem1
2025-01-01 06:34:00,-12.294063345155438,UnitMeasure5,Subsystem1
2025-01-01 06:34:30,-13.935958193462987,UnitMeasure5,Subsystem1
2025-01-01 06:35:00,-15.549279944621428,UnitMeasure5,Subsystem1
2025-01-01 06:35:30,-15.978296769535897,UnitMeasure5,Subsystem1
2025-01-01 06:36:00,-15.264397828970504,UnitMeasure5,Subsystem1
2025-01-01 06:36:30,-15.851689119813342,UnitMeasure5,Subsystem1
2025-01-01 06:37:00,-18.089441535117945,UnitMeasure5,Subsystem1
2025-01-01 06:37:30,-19.040000563717683,UnitMeasure5,Subsystem1
2025-01-01 06:38:00,-18.687822378170793,UnitMeasure5,Subsystem1
2025-01-01 06:38:30,-17.30038006718891,UnitMeasure5,Subsystem1
2025-01-01 06:39:00,-16.269351209687652,UnitMeasure5,Subsystem1
2025-01-01 06:39:30,-15.849499984296685,UnitMeasure5,Subsystem1
2025-01-01 06:40:00,-14.932698583463932,UnitMeasure5,Subsystem1
2025-01-01 06:40:30,-14.523408292178349,UnitMeasure5,Subsystem1
2025-01-01 06:41:00,-14.479984414940388,UnitMeasure5,Subsystem1
2025-01-01 06:41:30,-15.120011290148467,UnitMeasure5,Subsystem1
2025-01-01 06:42:00,-16.133905864635043,UnitMeasure5,Subsystem1
2025-01-01 06:42:30,-17.18939887961585,UnitMeasure5,Subsystem1
2025-01-01 06:43:00,-17.557390114161777,UnitMeasure5,Subsystem1
2025-01-01 06:43:30,-17.915732473413378,UnitMeasure5,Subsystem1
2025-01-01 06:44:00,-16.967758760337148,UnitMeasure5,Subsystem1
2025-01-01 06:44:30,-16.688964527360568,UnitMeasure5,Subsystem1
2025-01-01 06:45:00,-17.13347002696234,UnitMeasure5,Subsystem1
2025-01-01 06:45:30,-18.245657570444212,UnitMeasure5,Subsystem1
2025-01-01 06:46:00,-17.563547211143884,UnitMeasure5,Subsystem1
2025-01-01 06:46:30,-16.01162295598169,UnitMeasure5,Subsystem1
2025-01-01 06:47:00,-13.822317647543976,UnitMeasure5,Subsystem1
2025-01-01 06:47:30,-13.923133273517985,UnitMeasure5,Subsystem1
2025-01-01 06:48:00,-14.835600009726752,UnitMeasure5,Subsystem1
2025-01-01 06:48:30,-14.662436628103732,UnitMeasure5,Subsystem1
2025-01-01 06:49:00,-13.651560706829766,UnitMeasure5,Subsystem1
2025-01-01 06:50:00,-10.991764031603495,UnitMeasure5,Subsystem1
2025-01-01 06:50:30,-9.626162553257046,UnitMeasure5,Subsystem1
2025-01-01 06:51:00,-6.158019149552687,UnitMeasure5,Subsystem1
2025-01-01 06:51:30,-3.3260432714995547,UnitMeasure5,Subsystem1
2025-01-01 06:52:00,-2.7506274039778704,UnitMeasure5,Subsystem1
2025-01-01 06:52:30,-2.0936820435849715,UnitMeasure5,Subsystem1
2025-01-01 06:53:00,0.40888874531215835,UnitMeasure5,Subsystem1
2025-01-01 06:53:30,2.3568364030829683,UnitMeasure5,Subsystem1
2025-01-01 06:54:00,2.445136345075486,UnitMeasure5,Subsystem1
2025-01-01 06:54:30,1.3115446943650406,UnitMeasure5,Subsystem1
2025-01-01 06:55:00,-0.9169034379676502,UnitMeasure5,Subsystem1
2025-01-01 06:55:30,-3.557587227219301,UnitMeasure5,Subsystem1
2025-01-01 06:56:00,-6.279484176714823,UnitMeasure5,Subsystem1
2025-01-01 06:56:30,-8.6261393132503,UnitMeasure5,Subsystem1
2025-01-01 06:57:00,-9.915598300619036,UnitMeasure5,Subsystem1
2025-01-01 06:57:30,-9.990599479596321,UnitMeasure5,Subsystem1
2025-01-01 06:58:00,-8.025111456122826,UnitMeasure5,Subsystem1
2025-01-01 06:58:30,-7.021406474931145,UnitMeasure5,Subsystem1
2025-01-01 06:59:00,-6.160465868326146,UnitMeasure5,Subsystem1
2025-01-01 06:59:30,-5.903823427682763,UnitMeasure5,Subsystem1
2025-01-01 07:00:00,-5.873297655657084,UnitMeasure5,Subsystem1
2025-01-01 07:00:30,-5.341250766697599,UnitMeasure5,Subsystem1
2025-01-01 07:01:00,-5.815528204382343,UnitMeasure5,Subsystem1
2025-01-01 07:01:30,-6.274456264567933,UnitMeasure5,Subsystem1
2025-01-01 07:02:00,-6.326269485784745,UnitMeasure5,Subsystem1
2025-01-01 07:02:30,-5.5303985685555554,UnitMeasure5,Subsystem1
2025-01-01 07:03:00,-4.484934739860133,UnitMeasure5,Subsystem1
2025-01-01 07:04:00,0.8263413315812431,UnitMeasure5,Subsystem1
2025-01-01 07:04:30,0.9797027958487595,UnitMeasure5,Subsystem1
2025-01-01 07:05:00,-0.629420961954465,UnitMeasure5,Subsystem1
2025-01-01 07:05:30,-2.560983728438615,UnitMeasure5,Subsystem1
2025-01-01 07:06:00,-4.282099728959984,UnitMeasure5,Subsystem1
2025-01-01 07:06:30,-4.019825918624066,UnitMeasure5,Subsystem1
2025-01-01 07:07:00,-1.5157119848633336,UnitMeasure5,Subsystem1
2025-01-01 07:07:30,0.3090377438097549,UnitMeasure5,Subsystem1
2025-01-01 07:08:00,-0.15326795025084194,UnitMeasure5,Subsystem1
2025-01-01 07:08:30,-1.0398299050503885,UnitMeasure5,Subsystem1
2025-01-01 07:09:00,-1.88661484131541,UnitMeasure5,Subsystem1
2025-01-01 07:09:30,-1.6453441626451848,UnitMeasure5,Subsystem1
2025-01-01 07:10:00,-0.895997391023502,UnitMeasure5,Subsystem1
2025-01-01 07:10:30,-1.7857524320400158,UnitMeasure5,Subsystem1
2025-01-01 07:11:00,-1.719031006866581,UnitMeasure5,Subsystem1
2025-01-01 07:11:30,0.8064260253686537,UnitMeasure5,Subsystem1
2025-01-01 07:12:00,2.9814636589648575,UnitMeasure5,Subsystem1
2025-01-01 07:12:30,3.2210067454061915,UnitMeasure5,Subsystem1
2025-01-01 07:13:00,2.6664267278458063,UnitMeasure5,Subsystem1
2025-01-01 07:13:30,2.7189165038964527,UnitMeasure5,Subsystem1
2025-01-01 07:14:00,3.828784360194389,UnitMeasure5,Subsystem1
2025-01-01 07:14:30,6.876263983696852,UnitMeasure5,Subsystem1
2025-01-01 07:15:00,9.349275608941209,UnitMeasure5,Subsystem1
2025-01-01 07:15:30,9.522507296282793,UnitMeasure5,Subsystem1
2025-01-01 07:16:00,7.079488490656682,UnitMeasure5,Subsystem1
2025-01-01 07:16:30,4.016660415896059,UnitMeasure5,Subsystem1
2025-01-01 07:17:00,2.210520314678968,UnitMeasure5,Subsystem1
2025-01-01 07:17:30,3.6285599505715123,UnitMeasure5,Subsystem1
2025-01-01 07:18:00,5.338300121034419,UnitMeasure5,Subsystem1
2025-01-01 07:18:30,6.290248828565269,UnitMeasure5,Subsystem1
2025-01-01 07:19:00,6.301354624914702,UnitMeasure5,Subsystem1
2025-01-01 07:19:30,7.314596267502809,UnitMeasure5,Subsystem1
2025-01-01 07:20:00,11.05348216083015,UnitMeasure5,Subsystem1
2025-01-01 07:20:30,14.011423361485072,UnitMeasure5,Subsystem1
2025-01-01 07:21:00,14.505791509972369,UnitMeasure5,Subsystem1
2025-01-01 07:21:30,14.60472686373433,UnitMeasure5,Subsystem1
2025-01-01 07:22:00,15.692158686605774,UnitMeasure5,Subsystem1
2025-01-01 07:22:30,18.780231242233548,UnitMeasure5,Subsystem1
2025-01-01 07:23:00,21.94892959198505,UnitMeasure5,Subsystem1
2025-01-01 07:23:30,23.306337646083186,UnitMeasure5,Subsystem1
2025-01-01 07:24:00,23.743125117512243,UnitMeasure5,Subsystem1
2025-01-01 07:24:30,24.977475691464413,UnitMeasure5,Subsystem1
2025-01-01 07:25:00,27.148354889338034,UnitMeasure5,Subsystem1
2025-01-01 07:25:30,29.25738125878739,UnitMeasure5,Subsystem1
2025-01-01 07:26:00,31.386358406656406,UnitMeasure5,Subsystem1
2025-01-01 07:26:30,33.88507300175993,UnitMeasure5,Subsystem1
2025-01-01 07:27:30,39.770465956479185,UnitMeasure5,Subsystem1
2025-01-01 07:28:00,41.009279161312364,UnitMeasure5,Subsystem1
2025-01-01 07:28:30,41.17860627026079,UnitMeasure5,Subsystem1
2025-01-01 07:29:00,42.1979682778,UnitMeasure5,Subsystem1
2025-01-01 07:29:30,42.61630131918027,UnitMeasure5,Subsystem1
2025-01-01 07:30:00,42.81109193421867,UnitMeasure5,Subsystem1
2025-01-01 07:30:30,42.386688453093015,UnitMeasure5,Subsystem1
2025-01-01 07:31:00,42.02913258697086,UnitMeasure5,Subsystem1
2025-01-01 07:31:30,43.134152636861174,UnitMeasure5,Subsystem1
2025-01-01 07:32:00,44.7428452608016,UnitMeasure5,Subsystem1
2025-01-01 07:32:30,45.81556810804952,UnitMeasure5,Subsystem1
2025-01-01 07:33:00,44.67509188400811,UnitMeasure5,Subsystem1
2025-01-01 07:33:30,43.780943906061545,UnitMeasure5,Subsystem1
2025-01-01 07:34:00,44.304268451562045,UnitMeasure5,Subsystem1
2025-01-01 07:34:30,47.56388902059721,UnitMeasure5,Subsystem1
2025-01-01 07:35:00,50.24668802211227,UnitMeasure5,Subsystem1
2025-01-01 07:35:30,51.45664218429478,UnitMeasure5,Subsystem1
2025-01-01 07:36:00,51.67945992483049,UnitMeasure5,Subsystem1
2025-01-01 07:36:30,53.28120884284183,UnitMeasure5,Subsystem1
2025-01-01 07:37:00,54.95237040729793,UnitMeasure5,Subsystem1
2025-01-01 07:37:30,56.082594150290355,UnitMeasure5,Subsystem1
2025-01-01 07:38:00,56.9766363961352,UnitMeasure5,Subsystem1
2025-01-01 07:38:30,57.776155070026896,UnitMeasure5,Subsystem1
2025-01-01 07:39:00,57.80030465776978,UnitMeasure5,Subsystem1
2025-01-01 07:39:30,57.594712344283195,UnitMeasure5,Subsystem1
2025-01-01 07:40:00,58.54203445183778,UnitMeasure5,Subsystem1
2025-01-01 07:40:30,58.74298433236101,UnitMeasure5,Subsystem1
2025-01-01 07:41:00,58.44577876519215,UnitMeasure5,Subsystem1
2025-01-01 07:41:30,57.31864491120255,UnitMeasure5,Subsystem1
2025-01-01 07:42:00,57.64424441820536,UnitMeasure5,Subsystem1
2025-01-01 07:42:30,57.072632463293544,UnitMeasure5,Subsystem1
2025-01-01 07:43:00,55.591106607622535,UnitMeasure5,Subsystem1
2025-01-01 07:43:30,54.57814936378142,UnitMeasure5,Subsystem1
2025-01-01 07:44:00,56.066226805870194,UnitMeasure5,Subsystem1
2025-01-01 07:44:30,58.05023255686183,UnitMeasure5,Subsystem1
2025-01-01 07:45:00,58.545223597268766,UnitMeasure5,Subsystem1
2025-01-01 07:45:30,59.8250299548271,UnitMeasure5,Subsystem1
2025-01-01 07:46:00,59.855305856744685,UnitMeasure5,Subsystem1
2025-01-01 07:46:30,57.04722504227624,UnitMeasure5,Subsystem1
2025-01-01 07:47:00,54.32194236551903,UnitMeasure5,Subsystem1
2025-01-01 07:47:30,52.7636338894509,UnitMeasure5,Subsystem1
2025-01-01 07:48:00,51.475339303879856,UnitMeasure5,Subsystem1
2025-01-01 07:48:30,51.165769619826506,UnitMeasure5,Subsystem1
2025-01-01 07:49:00,51.695503161204186,UnitMeasure5,Subsystem1
2025-01-01 07:49:30,51.83247108462216,UnitMeasure5,Subsystem1
2025-01-01 07:50:30,49.31893902369875,UnitMeasure5,Subsystem1
2025-01-01 07:51:00,50.05892783852528,UnitMeasure5,Subsystem1
2025-01-01 07:51:30,51.207597105995,UnitMeasure5,Subsystem1
2025-01-01 07:52:00,53.57912636719087,UnitMeasure5,Subsystem1
2025-01-01 07:52:30,54.48586835309,UnitMeasure5,Subsystem1
2025-01-01 07:53:00,52.73277209883447,UnitMeasure5,Subsystem1
2025-01-01 07:53:30,49.70128987289799,UnitMeasure5,Subsystem1
2025-01-01 07:54:00,47.70543441393196,UnitMeasure5,Subsystem1
2025-01-01 07:54:30,47.473792659478086,UnitMeasure5,Subsystem1
2025-01-01 07:55:00,47.74802745382329,UnitMeasure5,Subsystem1
2025-01-01 07:55:30,48.223370886206666,UnitMeasure5,Subsystem1
2025-01-01 07:56:00,47.27980690017329,UnitMeasure5,Subsystem1
2025-01-01 07:56:30,47.48764661757404,UnitMeasure5,Subsystem1
2025-01-01 07:57:00,48.23610322957702,UnitMeasure5,Subsystem1
2025-01-01 07:57:30,50.05950611200288,UnitMeasure5,Subsystem1
2025-01-01 07:58:00,51.77255089202788,UnitMeasure5,Subsystem1
2025-01-01 07:58:30,53.17079973789076,UnitMeasure5,Subsystem1
2025-01-01 07:59:00,54.38829978145374,UnitMeasure5,Subsystem1
2025-01-01 07:59:30,55.57408248567228,UnitMeasure5,Subsystem1
2025-01-01 08:00:00,56.9448769068384,UnitMeasure5,Subsystem1
2025-01-01 08:00:30,59.18292719542498,UnitMeasure5,Subsystem1
2025-01-01 08:01:00,61.14608325016793,UnitMeasure5,Subsystem1
2025-01-01 08:01:30,62.79381092384189,UnitMeasure5,Subsystem1
2025-01-01 08:02:30,65.07240253306844,UnitMeasure5,Subsystem1
2025-01-01 08:03:00,65.82668235586029,UnitMeasure5,Subsystem1
2025-01-01 08:03:30,67.64323901484155,UnitMeasure5,Subsystem1
2025-01-01 08:04:00,69.2004360071186,UnitMeasure5,Subsystem1
2025-01-01 08:04:30,68.61030759588039,UnitMeasure5,Subsystem1
2025-01-01 08:05:00,67.18353611063868,UnitMeasure5,Subsystem1
2025-01-01 08:05:30,65.58426093166356,UnitMeasure5,Subsystem1
2025-01-01 08:06:00,65.61176009246346,UnitMeasure5,Subsystem1
2025-01-01 08:06:30,65.67277512045557,UnitMeasure5,Subsystem1
2025-01-01 08:07:00,65.11084308815205,UnitMeasure5,Subsystem1
2025-01-01 08:07:30,62.46158533033715,UnitMeasure5,Subsystem1
2025-01-01 08:08:00,59.55755367172475,UnitMeasure5,Subsystem1
2025-01-01 08:08:30,55.50572694441021,UnitMeasure5,Subsystem1
2025-01-01 08:09:00,51.031899180168224,UnitMeasure5,Subsystem1
2025-01-01 08:10:00,49.70566217217814,UnitMeasure5,Subsystem1
2025-01-01 08:10:30,51.77339174917299,UnitMeasure5,Subsystem1
2025-01-01 08:11:00,52.127592222147904,UnitMeasure5,Subsystem1
2025-01-01 08:11:30,51.28750029090263,UnitMeasure5,Subsystem1
2025-01-01 08:12:00,50.45658201132174,UnitMeasure5,Subsystem1
2025-01-01 08:12:30,49.07630623485314,UnitMeasure5,Subsystem1
2025-01-01 08:13:00,49.40119664303852,UnitMeasure5,Subsystem1
2025-01-01 08:13:30,51.340602656126556,UnitMeasure5,Subsystem1
2025-01-01 08:14:00,52.98555575167011,UnitMeasure5,Subsystem1
2025-01-01 08:14:30,53.48069681803932,UnitMeasure5,Subsystem1
2025-01-01 08:15:00,53.4752541365334,UnitMeasure5,Subsystem1
2025-01-01 08:15:30,51.44010809723074,UnitMeasure5,Subsystem1
2025-01-01 08:16:00,49.01419228676499,UnitMeasure5,Subsystem1
2025-01-01 08:16:30,46.86720975332033,UnitMeasure5,Subsystem1
2025-01-01 08:17:00,44.91523366576467,UnitMeasure5,Subsystem1
2025-01-01 08:17:30,43.389323682125756,UnitMeasure5,Subsystem1
2025-01-01 08:18:00,44.44290306034469,UnitMeasure5,Subsystem1
2025-01-01 08:18:30,46.98629493487482,UnitMeasure5,Subsystem1
2025-01-01 08:19:00,48.347228712617415,UnitMeasure5,Subsystem1
2025-01-01 08:19:30,48.813975878722765,UnitMeasure5,Subsystem1
2025-01-01 08:20:00,50.27866742580465,UnitMeasure5,Subsystem1
2025-01-01 08:20:30,52.83034818709047,UnitMeasure5,Subsystem1
2025-01-01 08:21:00,54.774232891606545,UnitMeasure5,Subsystem1
2025-01-01 08:21:30,54.77448660266349,UnitMeasure5,Subsystem1
2025-01-01 08:22:00,54.61659264002924,UnitMeasure5,Subsystem1
2025-01-01 08:22:30,55.15592057122611,UnitMeasure5,Subsystem1
2025-01-01 08:23:00,56.80580947284797,UnitMeasure5,Subsystem1
2025-01-01 08:23:30,58.78625529018481,UnitMeasure5,Subsystem1
2025-01-01 08:24:00,61.06321973578461,UnitMeasure5,Subsystem1
2025-01-01 08:24:30,61.991638462385914,UnitMeasure5,Subsystem1
2025-01-01 08:25:00,63.197725467580405,UnitMeasure5,Subsystem1
2025-01-01 08:25:30,64.39612976913214,UnitMeasure5,Subsystem1
2025-01-01 08:26:00,67.2828490237404,UnitMeasure5,Subsystem1
2025-01-01 08:26:30,69.04185616254989,UnitMeasure5,Subsystem1
2025-01-01 08:27:00,71.14470929240167,UnitMeasure5,Subsystem1
2025-01-01 08:27:30,72.78911679256011,UnitMeasure5,Subsystem1
2025-01-01 08:28:00,73.07372486758909,UnitMeasure5,Subsystem1
2025-01-01 08:28:30,71.98956362887978,UnitMeasure5,Subsystem1
2025-01-01 08:29:00,70.57022678105663,UnitMeasure5,Subsystem1
2025-01-01 08:29:30,70.21839047809141,UnitMeasure5,Subsystem1
2025-01-01 08:30:00,71.07853740198294,UnitMeasure5,Subsystem1
2025-01-01 08:30:30,71.4638210124733,UnitMeasure5,Subsystem1
2025-01-01 08:31:00,71.22970213853212,UnitMeasure5,Subsystem1
2025-01-01 08:32:00,76.90708175832773,UnitMeasure5,Subsystem1
2025-01-01 08:32:30,80.55467680068317,UnitMeasure5,Subsystem1
2025-01-01 08:33:00,82.21273186353494,UnitMeasure5,Subsystem1
2025-01-01 08:33:30,82.40359114889337,UnitMeasure5,Subsystem1
2025-01-01 08:34:00,82.78144483807147,UnitMeasure5,Subsystem1
2025-01-01 08:34:30,82.30398447777623,UnitMeasure5,Subsystem1
2025-01-01 08:35:00,81.28379419061082,UnitMeasure5,Subsystem1
2025-01-01 08:35:30,78.7632163712108,UnitMeasure5,Subsystem1
2025-01-01 08:36:00,77.07883475035386,UnitMeasure5,Subsystem1
2025-01-01 08:36:30,77.25294298587804,UnitMeasure5,Subsystem1
2025-01-01 08:37:00,77.7859905471582,UnitMeasure5,Subsystem1
2025-01-01 08:37:30,79.48722093673848,UnitMeasure5,Subsystem1
2025-01-01 08:38:00,79.77824469749044,UnitMeasure5,Subsystem1
2025-01-01 08:38:30,77.77081073144713,UnitMeasure5,Subsystem1
2025-01-01 08:39:00,75.67243499977086,UnitMeasure5,Subsystem1
2025-01-01 08:39:30,75.86756255512874,UnitMeasure5,Subsystem1
2025-01-01 08:40:00,78.8692424843199,UnitMeasure5,Subsystem1
2025-01-01 08:40:30,81.18690240286543,UnitMeasure5,Subsystem1
2025-01-01 08:41:00,82.9038409629877,UnitMeasure5,Subsystem1
2025-01-01 08:41:30,83.65393001510984,UnitMeasure5,Subsystem1
2025-01-01 08:42:00,83.72761176952848,UnitMeasure5,Subsystem1
2025-01-01 08:42:30,84.34546140037924,UnitMeasure5,Subsystem1
2025-01-01 08:43:00,85.76669642812313,UnitMeasure5,Subsystem1
2025-01-01 08:43:30,85.40295108559219,UnitMeasure5,Subsystem1
2025-01-01 08:44:00,85.59217157645013,UnitMeasure5,Subsystem1
2025-01-01 08:44:30,87.57081607439954,UnitMeasure5,Subsystem1
2025-01-01 08:45:00,89.15828741655648,UnitMeasure5,Subsystem1
2025-01-01 08:45:30,89.89185528192351,UnitMeasure5,Subsystem1
2025-01-01 08:46:00,90.40561487496012,UnitMeasure5,Subsystem1
2025-01-01 08:46:30,91.15493564276144,UnitMeasure5,Subsystem1
2025-01-01 08:47:00,91.1554642899367,UnitMeasure5,Subsystem1
2025-01-01 08:47:30,90.04479409107587,UnitMeasure5,Subsystem1
2025-01-01 08:48:00,88.89570719194374,UnitMeasure5,Subsystem1
2025-01-01 08:48:30,89.55474085837596,UnitMeasure5,Subsystem1
2025-01-01 08:49:00,91.41110076122773,UnitMeasure5,Subsystem1
2025-01-01 08:49:30,92.48188676249391,UnitMeasure5,Subsystem1
2025-01-01 08:50:00,93.26559994518908,UnitMeasure5,Subsystem1
2025-01-01 08:50:30,90.89305234235322,UnitMeasure5,Subsystem1
2025-01-01 08:51:00,89.18199998645005,UnitMeasure5,Subsystem1
2025-01-01 08:51:30,87.01459356446358,UnitMeasure5,Subsystem1
2025-01-01 08:52:00,85.29701394388778,UnitMeasure5,Subsystem1
2025-01-01 08:52:30,83.12102714599504,UnitMeasure5,Subsystem1
2025-01-01 08:53:00,80.3872129572751,UnitMeasure5,Subsystem1
2025-01-01 08:53:30,79.61241949594644,UnitMeasure5,Subsystem1
2025-01-01 08:54:00,79.74886674086105,UnitMeasure5,Subsystem1
2025-01-01 08:54:30,80.42491992580766,UnitMeasure5,Subsystem1
2025-01-01 08:55:00,80.74950609681798,UnitMeasure5,Subsystem1
2025-01-01 08:55:30,81.29562553050133,UnitMeasure5,Subsystem1
2025-01-01 08:56:00,81.83650891832079,UnitMeasure5,Subsystem1
2025-01-01 08:56:30,80.87663391242421,UnitMeasure5,Subsystem1
2025-01-01 08:57:00,80.51099361477313,UnitMeasure5,Subsystem1
2025-01-01 08:57:30,80.28724805867213,UnitMeasure5,Subsystem1
2025-01-01 08:58:00,78.71282955231202,UnitMeasure5,Subsystem1
2025-01-01 08:58:30,76.47136541304704,UnitMeasure5,Subsystem1
2025-01-01 08:59:00,76.52115409446142,UnitMeasure5,Subsystem1
2025-01-01 08:59:30,78.72865753818917,UnitMeasure5,Subsystem1
2025-01-01 09:00:30,80.42791931426935,UnitMeasure5,Subsystem1
2025-01-01 09:01:00,79.36450483850803,UnitMeasure5,Subsystem1
2025-01-01 09:01:30,80.61272514803241,UnitMeasure5,Subsystem1
2025-01-01 09:02:00,83.03418264873777,UnitMeasure5,Subsystem1
2025-01-01 09:02:30,85.21508363530761,UnitMeasure5,Subsystem1
2025-01-01 09:03:00,87.10305883143214,UnitMeasure5,Subsystem1
2025-01-01 09:03:30,88.48779290845488,UnitMeasure5,Subsystem1
2025-01-01 09:04:00,88.90148253373988,UnitMeasure5,Subsystem1
2025-01-01 09:04:30,88.48200543825725,UnitMeasure5,Subsystem1
2025-01-01 09:05:00,87.90172067158342,UnitMeasure5,Subsystem1
2025-01-01 09:05:30,87.57735961523339,UnitMeasure5,Subsystem1
2025-01-01 09:06:00,88.2440661026337,UnitMeasure5,Subsystem1
2025-01-01 09:06:30,89.13586655145788,UnitMeasure5,Subsystem1
2025-01-01 09:07:00,90.39718662581096,UnitMeasure5,Subsystem1
2025-01-01 09:07:30,91.1793477827444,UnitMeasure5,Subsystem1
2025-01-01 09:08:00,91.50509560803847,UnitMeasure5,Subsystem1
2025-01-01 09:08:30,89.49719468707713,UnitMeasure5,Subsystem1
2025-01-01 09:09:00,88.15280509135097,UnitMeasure5,Subsystem1
2025-01-01 09:09:30,88.27941039908808,UnitMeasure5,Subsystem1
2025-01-01 09:10:00,90.15961194969736,UnitMeasure5,Subsystem1
2025-01-01 09:10:30,88.87455862855923,UnitMeasure5,Subsystem1
2025-01-01 09:11:00,88.41200609116025,UnitMeasure5,Subsystem1
2025-01-01 09:11:30,88.74655173400045,UnitMeasure5,Subsystem1
2025-01-01 09:12:00,90.68040414104892,UnitMeasure5,Subsystem1
2025-01-01 09:12:30,91.14682080833354,UnitMeasure5,Subsystem1
2025-01-01 09:13:00,91.21785123402223,UnitMeasure5,Subsystem1
2025-01-01 09:13:30,90.13903928177166,UnitMeasure5,Subsystem1
2025-01-01 09:14:00,88.50988957214297,UnitMeasure5,Subsystem1
2025-01-01 09:14:30,89.18876301388848,UnitMeasure5,Subsystem1
2025-01-01 09:15:00,90.70609288551638,UnitMeasure5,Subsystem1
2025-01-01 09:15:30,91.97227229977571,UnitMeasure5,Subsystem1
2025-01-01 09:16:00,93.16935227336599,UnitMeasure5,Subsystem1
2025-01-01 09:17:00,95.62635191945729,UnitMeasure5,Subsystem1
2025-01-01 09:17:30,96.43505801326954,UnitMeasure5,Subsystem1
2025-01-01 09:18:00,99.23391588730644,UnitMeasure5,Subsystem1
2025-01-01 09:18:30,101.92508715572107,UnitMeasure5,Subsystem1
2025-01-01 09:19:00,103.45851076548547,UnitMeasure5,Subsystem1
2025-01-01 09:19:30,104.70645793819052,UnitMeasure5,Subsystem1
2025-01-01 09:20:00,106.743323906679,UnitMeasure5,Subsystem1
2025-01-01 09:20:30,109.61531228188443,UnitMeasure5,Subsystem1
2025-01-01 09:21:00,112.22469616261783,UnitMeasure5,Subsystem1
2025-01-01 09:21:30,112.40773332133831,UnitMeasure5,Subsystem1
2025-01-01 09:22:00,112.98615358178677,UnitMeasure5,Subsystem1
2025-01-01 09:22:30,112.7204164748737,UnitMeasure5,Subsystem1
2025-01-01 09:23:00,112.5478005454232,UnitMeasure5,Subsystem1
2025-01-01 09:23:30,111.61132866864467,UnitMeasure5,Subsystem1
2025-01-01 09:24:00,110.76033349558514,UnitMeasure5,Subsystem1
2025-01-01 09:24:30,110.63295052559188,UnitMeasure5,Subsystem1
2025-01-01 09:25:00,111.2813809915146,UnitMeasure5,Subsystem1
2025-01-01 09:25:30,112.35080577357076,UnitMeasure5,Subsystem1
2025-01-01 09:26:00,114.68668143435306,UnitMeasure5,Subsystem1
2025-01-01 09:26:30,117.13560035844992,UnitMeasure5,Subsystem1
2025-01-01 09:27:00,118.28816823163811,UnitMeasure5,Subsystem1
2025-01-01 09:27:30,119.20587591477616,UnitMeasure5,Subsystem1
2025-01-01 09:28:00,121.07126358735859,UnitMeasure5,Subsystem1
2025-01-01 09:28:30,121.54983113156959,UnitMeasure5,Subsystem1
2025-01-01 09:29:00,121.54044451297455,UnitMeasure5,Subsystem1
2025-01-01 09:29:30,122.10743975730398,UnitMeasure5,Subsystem1
2025-01-01 09:30:30,124.255518139903,UnitMeasure5,Subsystem1
2025-01-01 09:31:00,125.47450345130272,UnitMeasure5,Subsystem1
2025-01-01 09:31:30,126.14228276654708,UnitMeasure5,Subsystem1
2025-01-01 09:32:00,126.02868346800864,UnitMeasure5,Subsystem1
2025-01-01 09:32:30,125.75434787898094,UnitMeasure5,Subsystem1
2025-01-01 09:33:00,124.50673070347021,UnitMeasure5,Subsystem1
2025-01-01 09:33:30,121.85836379251481,UnitMeasure5,Subsystem1
2025-01-01 09:34:00,121.24767663851462,UnitMeasure5,Subsystem1
2025-01-01 09:34:30,121.28215121409174,UnitMeasure5,Subsystem1
2025-01-01 09:35:00,120.43084265090054,UnitMeasure5,Subsystem1
2025-01-01 09:35:30,116.99425579763766,UnitMeasure5,Subsystem1
2025-01-01 09:36:00,113.2603759911154,UnitMeasure5,Subsystem1
2025-01-01 09:36:30,109.90009892506767,UnitMeasure5,Subsystem1
2025-01-01 09:37:00,109.80990310345939,UnitMeasure5,Subsystem1
2025-01-01 09:37:30,112.2029737065694,UnitMeasure5,Subsystem1
2025-01-01 09:38:00,113.83240241999523,UnitMeasure5,Subsystem1
2025-01-01 09:38:30,116.19133985097112,UnitMeasure5,Subsystem1
2025-01-01 09:39:00,119.09023325474746,UnitMeasure5,Subsystem1
2025-01-01 09:40:00,118.66524149657285,UnitMeasure5,Subsystem1
2025-01-01 09:40:30,117.79684210027418,UnitMeasure5,Subsystem1
2025-01-01 09:41:00,117.15397945260572,UnitMeasure5,Subsystem1
2025-01-01 09:41:30,115.25778852260834,UnitMeasure5,Subsystem1
2025-01-01 09:42:00,114.08886816333319,UnitMeasure5,Subsystem1
2025-01-01 09:42:30,116.53813075765295,UnitMeasure5,Subsystem1
2025-01-01 09:43:00,121.20988753654859,UnitMeasure5,Subsystem1
2025-01-01 09:43:30,125.05984881047692,UnitMeasure5,Subsystem1
2025-01-01 09:44:00,127.16527191196704,UnitMeasure5,Subsystem1
2025-01-01 09:44:30,128.6349340440252,UnitMeasure5,Subsystem1
2025-01-01 09:45:00,130.29281356223626,UnitMeasure5,Subsystem1
2025-01-01 09:45:30,131.7469110338028,UnitMeasure5,Subsystem1
2025-01-01 09:46:00,132.56008442530282,UnitMeasure5,Subsystem1
2025-01-01 09:46:30,132.68743171482362,UnitMeasure5,Subsystem1
2025-01-01 09:47:00,131.7875518772882,UnitMeasure5,Subsystem1
2025-01-01 09:47:30,130.55394336758363,UnitMeasure5,Subsystem1
2025-01-01 09:48:00,128.07455783513976,UnitMeasure5,Subsystem1
2025-01-01 09:48:30,125.94495095797194,UnitMeasure5,Subsystem1
2025-01-01 09:49:00,123.94451197501262,UnitMeasure5,Subsystem1
2025-01-01 09:49:30,121.75044833328016,UnitMeasure5,Subsystem1
2025-01-01 09:50:00,120.37468948683251,UnitMeasure5,Subsystem1
2025-01-01 09:50:30,121.40418795591376,UnitMeasure5,Subsystem1
2025-01-01 09:51:00,124.0703631252214,UnitMeasure5,Subsystem1
2025-01-01 09:51:30,124.54416613848652,UnitMeasure5,Subsystem1
2025-01-01 09:52:00,122.45809033584861,UnitMeasure5,Subsystem1
2025-01-01 09:52:30,121.17244580617243,UnitMeasure5,Subsystem1
2025-01-01 09:53:00,120.33622937027734,UnitMeasure5,Subsystem1
2025-01-01 09:53:30,119.70763805502528,UnitMeasure5,Subsystem1
2025-01-01 09:54:00,119.72292249733788,UnitMeasure5,Subsystem1
2025-01-01 09:54:30,119.18200940685918,UnitMeasure5,Subsystem1
2025-01-01 09:55:00,118.59711621397682,UnitMeasure5,Subsystem1
2025-01-01 09:55:30,116.87859436246559,UnitMeasure5,Subsystem1
2025-01-01 09:56:30,113.74216664974969,UnitMeasure5,Subsystem1
2025-01-01 09:57:00,112.15482386460526,UnitMeasure5,Subsystem1
2025-01-01 09:57:30,111.20507049914784,UnitMeasure5,Subsystem1
2025-01-01 09:58:00,110.8937784364953,UnitMeasure5,Subsystem1
2025-01-01 09:58:30,111.64842044298264,UnitMeasure5,Subsystem1
2025-01-01 09:59:00,112.6530812289264,UnitMeasure5,Subsystem1
2025-01-01 10:00:00,116.3796577154238,UnitMeasure5,Subsystem1
2025-01-01 10:00:30,116.81448790706229,UnitMeasure5,Subsystem1
2025-01-01 10:01:00,116.49695685743063,UnitMeasure5,Subsystem1
2025-01-01 10:01:30,116.71733865322336,UnitMeasure5,Subsystem1
2025-01-01 10:02:00,117.31844045218487,UnitMeasure5,Subsystem1
2025-01-01 10:02:30,117.79679304482767,UnitMeasure5,Subsystem1
2025-01-01 10:03:00,117.22271523942197,UnitMeasure5,Subsystem1
2025-01-01 10:03:30,115.74416976568459,UnitMeasure5,Subsystem1
2025-01-01 10:04:00,113.13747315149503,UnitMeasure5,Subsystem1
2025-01-01 10:04:30,112.91290451767644,UnitMeasure5,Subsystem1
2025-01-01 10:05:00,112.8373955832955,UnitMeasure5,Subsystem1
2025-01-01 10:05:30,111.94143315848508,UnitMeasure5,Subsystem1
2025-01-01 10:06:00,110.00501982481099,UnitMeasure5,Subsystem1
2025-01-01 10:06:30,109.51681222244069,UnitMeasure5,Subsystem1
2025-01-01 10:07:00,109.78329452287795,UnitMeasure5,Subsystem1
2025-01-01 10:07:30,111.377837152471,UnitMeasure5,Subsystem1
2025-01-01 10:08:00,112.09515760803097,UnitMeasure5,Subsystem1
2025-01-01 10:08:30,112.3044045878923,UnitMeasure5,Subsystem1
2025-01-01 10:09:00,111.35970022073433,UnitMeasure5,Subsystem1
2025-01-01 10:09:30,112.56267543667468,UnitMeasure5,Subsystem1
2025-01-01 10:10:00,113.24922607809094,UnitMeasure5,Subsystem1
2025-01-01 10:10:30,113.53256399195531,UnitMeasure5,Subsystem1
2025-01-01 10:11:00,113.9659850698929,UnitMeasure5,Subsystem1
2025-01-01 10:12:00,115.66008591365366,UnitMeasure5,Subsystem1
2025-01-01 10:12:30,115.61561714502326,UnitMeasure5,Subsystem1
2025-01-01 10:13:00,115.33841217913901,UnitMeasure5,Subsystem1
2025-01-01 10:13:30,115.05126555999344,UnitMeasure5,Subsystem1
2025-01-01 10:14:00,115.86581484930326,UnitMeasure5,Subsystem1
2025-01-01 10:14:30,119.08962601992432,UnitMeasure5,Subsystem1
2025-01-01 10:15:00,121.55588003389285,UnitMeasure5,Subsystem1
2025-01-01 10:15:30,120.94191309811548,UnitMeasure5,Subsystem1
2025-01-01 10:16:00,118.9409547551336,UnitMeasure5,Subsystem1
2025-01-01 10:16:30,120.20976653235685,UnitMeasure5,Subsystem1
2025-01-01 10:17:00,122.06207842683143,UnitMeasure5,Subsystem1
2025-01-01 10:17:30,124.60185629572143,UnitMeasure5,Subsystem1
2025-01-01 10:18:00,127.82873578349975,UnitMeasure5,Subsystem1
2025-01-01 10:18:30,129.7519983485375,UnitMeasure5,Subsystem1
2025-01-01 10:19:00,130.64705013749523,UnitMeasure5,Subsystem1
2025-01-01 10:19:30,132.41747038884193,UnitMeasure5,Subsystem1
2025-01-01 10:20:00,133.8475227239211,UnitMeasure5,Subsystem1
2025-01-01 10:20:30,134.1774058108677,UnitMeasure5,Subsystem1
2025-01-01 10:21:00,133.1672668182649,UnitMeasure5,Subsystem1
2025-01-01 10:21:30,131.15488716313408,UnitMeasure5,Subsystem1
2025-01-01 10:22:00,128.96859622605305,UnitMeasure5,Subsystem1
2025-01-01 10:22:30,126.46061185828552,UnitMeasure5,Subsystem1
2025-01-01 10:23:00,124.85812845335408,UnitMeasure5,Subsystem1
2025-01-01 10:23:30,123.56717761269846,UnitMeasure5,Subsystem1
2025-01-01 10:24:00,123.10435005723684,UnitMeasure5,Subsystem1
2025-01-01 10:24:30,121.54905792122317,UnitMeasure5,Subsystem1
2025-01-01 10:25:00,120.35459736011124,UnitMeasure5,Subsystem1
2025-01-01 10:25:30,120.71147852063521,UnitMeasure5,Subsystem1
2025-01-01 10:26:00,119.79418004523342,UnitMeasure5,Subsystem1
2025-01-01 10:26:30,118.6741843901889,UnitMeasure5,Subsystem1
2025-01-01 10:27:00,119.19749342312748,UnitMeasure5,Subsystem1
2025-01-01 10:27:30,119.37832420110495,UnitMeasure5,Subsystem1
2025-01-01 10:28:00,120.653000805224,UnitMeasure5,Subsystem1
2025-01-01 10:28:30,122.30480154865046,UnitMeasure5,Subsystem1
2025-01-01 10:29:00,122.86020403524645,UnitMeasure5,Subsystem1
2025-01-01 10:29:30,122.3718846043849,UnitMeasure5,Subsystem1
2025-01-01 10:30:00,122.3022361765047,UnitMeasure5,Subsystem1
2025-01-01 10:30:30,122.78376263590813,UnitMeasure5,Subsystem1
2025-01-01 10:31:00,123.79379527363022,UnitMeasure5,Subsystem1
2025-01-01 10:31:30,123.60381159745259,UnitMeasure5,Subsystem1
2025-01-01 10:32:00,123.03489506585562,UnitMeasure5,Subsystem1
2025-01-01 10:32:30,121.2096326386944,UnitMeasure5,Subsystem1
2025-01-01 10:33:00,119.53058404573217,UnitMeasure5,Subsystem1
2025-01-01 10:33:30,117.75261772869585,UnitMeasure5,Subsystem1
2025-01-01 10:34:00,115.972154372545,UnitMeasure5,Subsystem1
2025-01-01 10:34:30,116.0500171909458,UnitMeasure5,Subsystem1
2025-01-01 10:35:00,118.1463714821275,UnitMeasure5,Subsystem1
2025-01-01 10:35:30,120.80983506894503,UnitMeasure5,Subsystem1
2025-01-01 10:36:00,121.21804143360838,UnitMeasure5,Subsystem1
2025-01-01 10:36:30,119.96722404700947,UnitMeasure5,Subsystem1
2025-01-01 10:37:00,119.93532256330471,UnitMeasure5,Subsystem1
2025-01-01 10:37:30,121.00672916682103,UnitMeasure5,Subsystem1
2025-01-01 10:38:00,124.31869683766477,UnitMeasure5,Subsystem1
2025-01-01 10:38:30,127.53425965968293,UnitMeasure5,Subsystem1
2025-01-01 10:39:00,129.43788783510223,UnitMeasure5,Subsystem1
2025-01-01 10:39:30,129.50991957481716,UnitMeasure5,Subsystem1
2025-01-01 10:40:00,129.0757141620276,UnitMeasure5,Subsystem1
2025-01-01 10:40:30,128.67552328793215,UnitMeasure5,Subsystem1
2025-01-01 10:41:00,129.24066825037676,UnitMeasure5,Subsystem1
2025-01-01 10:41:30,130.9591150220165,UnitMeasure5,Subsystem1
2025-01-01 10:42:00,131.6775166998006,UnitMeasure5,Subsystem1
2025-01-01 10:42:30,130.09128991095855,UnitMeasure5,Subsystem1
2025-01-01 10:43:00,126.24783411370115,UnitMeasure5,Subsystem1
2025-01-01 10:43:30,123.72956112926619,UnitMeasure5,Subsystem1
2025-01-01 10:44:00,122.08185516440572,UnitMeasure5,Subsystem1
2025-01-01 10:44:30,119.22505726950119,UnitMeasure5,Subsystem1
2025-01-01 10:45:00,116.97441908017136,UnitMeasure5,Subsystem1
2025-01-01 10:45:30,118.64357896149819,UnitMeasure5,Subsystem1
2025-01-01 10:46:00,121.64712082977314,UnitMeasure5,Subsystem1
2025-01-01 10:46:30,124.31434987633645,UnitMeasure5,Subsystem1
2025-01-01 10:47:00,125.48018148230595,UnitMeasure5,Subsystem1
2025-01-01 10:47:30,125.59804521792276,UnitMeasure5,Subsystem1
2025-01-01 10:48:00,126.24981068287615,UnitMeasure5,Subsystem1
2025-01-01 10:48:30,126.7777319310953,UnitMeasure5,Subsystem1
2025-01-01 10:49:00,127.24770172142158,UnitMeasure5,Subsystem1
2025-01-01 10:49:30,127.74575713591248,UnitMeasure5,Subsystem1
2025-01-01 10:50:00,127.4824383198725,UnitMeasure5,Subsystem1
2025-01-01 10:50:30,127.91396247743928,UnitMeasure5,Subsystem1
2025-01-01 10:51:00,128.41539277716626,UnitMeasure5,Subsystem1
2025-01-01 10:51:30,127.99511857898892,UnitMeasure5,Subsystem1
2025-01-01 10:52:00,127.69019872583458,UnitMeasure5,Subsystem1
2025-01-01 10:53:00,126.14046650969456,UnitMeasure5,Subsystem1
2025-01-01 10:53:30,125.74185745526162,UnitMeasure5,Subsystem1
2025-01-01 10:54:00,126.80619524700359,UnitMeasure5,Subsystem1
2025-01-01 10:54:30,128.56151627986844,UnitMeasure5,Subsystem1
2025-01-01 10:55:00,129.75865299909768,UnitMeasure5,Subsystem1
2025-01-01 10:55:30,130.86355069431326,UnitMeasure5,Subsystem1
2025-01-01 10:56:00,132.9900746030277,UnitMeasure5,Subsystem1
2025-01-01 10:56:30,135.41437685910336,UnitMeasure5,Subsystem1
2025-01-01 10:57:00,136.85699807832228,UnitMeasure5,Subsystem1
2025-01-01 10:57:30,135.83395155537426,UnitMeasure5,Subsystem1
2025-01-01 10:58:00,133.11266337256305,UnitMeasure5,Subsystem1
2025-01-01 10:58:30,130.6699371399895,UnitMeasure5,Subsystem1
2025-01-01 10:59:00,129.01671494571085,UnitMeasure5,Subsystem1
2025-01-01 10:59:30,128.15653937112748,UnitMeasure5,Subsystem1
2025-01-01 11:00:00,127.90137061486352,UnitMeasure5,Subsystem1
2025-01-01 11:00:30,128.49642144877674,UnitMeasure5,Subsystem1
2025-01-01 11:01:00,129.12205090682343,UnitMeasure5,Subsystem1
2025-01-01 11:01:30,129.88921313066623,UnitMeasure5,Subsystem1
2025-01-01 11:02:00,130.45161264576407,UnitMeasure5,Subsystem1
2025-01-01 11:02:30,128.75019042303236,UnitMeasure5,Subsystem1
2025-01-01 11:03:00,125.653606423704,UnitMeasure5,Subsystem1
2025-01-01 11:03:30,123.23034121780373,UnitMeasure5,Subsystem1
2025-01-01 11:04:00,121.21490672026597,UnitMeasure5,Subsystem1
2025-01-01 11:04:30,120.64389139054722,UnitMeasure5,Subsystem1
2025-01-01 11:05:00,122.39004199756137,UnitMeasure5,Subsystem1
2025-01-01 11:05:30,125.72306210360053,UnitMeasure5,Subsystem1
2025-01-01 11:06:00,127.93007399465786,UnitMeasure5,Subsystem1
2025-01-01 11:06:30,129.92861388347777,UnitMeasure5,Subsystem1
2025-01-01 11:07:00,131.3552011331564,UnitMeasure5,Subsystem1
2025-01-01 11:07:30,131.76819213004896,UnitMeasure5,Subsystem1
2025-01-01 11:08:00,130.84698680702445,UnitMeasure5,Subsystem1
2025-01-01 11:08:30,129.51149932034096,UnitMeasure5,Subsystem1
2025-01-01 11:09:00,128.32037747825896,UnitMeasure5,Subsystem1
2025-01-01 11:09:30,127.90545765419314,UnitMeasure5,Subsystem1
2025-01-01 11:10:00,128.14214887159352,UnitMeasure5,Subsystem1
2025-01-01 11:10:30,128.51473971180616,UnitMeasure5,Subsystem1
2025-01-01 11:11:00,129.12880030371574,UnitMeasure5,Subsystem1
2025-01-01 11:11:30,130.79640587229756,UnitMeasure5,Subsystem1
2025-01-01 11:12:00,133.27171685984808,UnitMeasure5,Subsystem1
2025-01-01 11:12:30,133.5344993567287,UnitMeasure5,Subsystem1
2025-01-01 11:13:00,129.88706918294187,UnitMeasure5,Subsystem1
2025-01-01 11:13:30,126.95415631159143,UnitMeasure5,Subsystem1
2025-01-01 11:14:00,124.82709432722048,UnitMeasure5,Subsystem1
2025-01-01 11:14:30,123.73219490530245,UnitMeasure5,Subsystem1
2025-01-01 11:15:00,122.00147481371658,UnitMeasure5,Subsystem1
2025-01-01 11:15:30,118.83836174961971,UnitMeasure5,Subsystem1
2025-01-01 11:16:00,116.7987257983067,UnitMeasure5,Subsystem1
2025-01-01 11:16:30,117.11312475462594,UnitMeasure5,Subsystem1
2025-01-01 11:17:00,117.82165473453011,UnitMeasure5,Subsystem1
2025-01-01 11:17:30,115.38811800091224,UnitMeasure5,Subsystem1
2025-01-01 11:18:00,111.72039419536982,UnitMeasure5,Subsystem1
2025-01-01 11:18:30,109.78166112481065,UnitMeasure5,Subsystem1
2025-01-01 11:19:00,108.32152304090833,UnitMeasure5,Subsystem1
2025-01-01 11:19:30,107.48969144673241,UnitMeasure5,Subsystem1
2025-01-01 11:20:00,107.08984280268228,UnitMeasure5,Subsystem1
2025-01-01 11:20:30,107.72298994523224,UnitMeasure5,Subsystem1
2025-01-01 11:21:00,108.60208799094266,UnitMeasure5,Subsystem1
2025-01-01 11:21:30,108.15581695820765,UnitMeasure5,Subsystem1
2025-01-01 11:22:00,108.36151117807235,UnitMeasure5,Subsystem1
2025-01-01 11:22:30,108.8434186918957,UnitMeasure5,Subsystem1
2025-01-01 11:23:00,109.26949806101445,UnitMeasure5,Subsystem1
2025-01-01 11:23:30,108.36485131243073,UnitMeasure5,Subsystem1
2025-01-01 11:24:00,106.79457370737077,UnitMeasure5,Subsystem1
2025-01-01 11:24:30,104.80484413952296,UnitMeasure5,Subsystem1
2025-01-01 11:25:00,103.36573639316703,UnitMeasure5,Subsystem1
2025-01-01 11:25:30,104.48611494193123,UnitMeasure5,Subsystem1
2025-01-01 11:26:00,105.00932128007935,UnitMeasure5,Subsystem1
2025-01-01 11:26:30,103.0676402723695,UnitMeasure5,Subsystem1
2025-01-01 11:27:00,102.0574613298657,UnitMeasure5,Subsystem1
2025-01-01 11:27:30,102.22710221052255,UnitMeasure5,Subsystem1
2025-01-01 11:28:00,102.21115153977397,UnitMeasure5,Subsystem1
2025-01-01 11:28:30,102.73642992529003,UnitMeasure5,Subsystem1
2025-01-01 11:29:00,102.820662236838,UnitMeasure5,Subsystem1
2025-01-01 11:29:30,104.50607059215662,UnitMeasure5,Subsystem1
2025-01-01 11:30:00,106.9195637294753,UnitMeasure5,Subsystem1
2025-01-01 11:30:30,108.17160523802693,UnitMeasure5,Subsystem1
2025-01-01 11:31:00,110.26219183775294,UnitMeasure5,Subsystem1
2025-01-01 11:31:30,111.53677134299029,UnitMeasure5,Subsystem1
2025-01-01 11:32:00,112.67727332786443,UnitMeasure5,Subsystem1
2025-01-01 11:32:30,113.49171477070323,UnitMeasure5,Subsystem1
2025-01-01 11:33:00,115.31775544514959,UnitMeasure5,Subsystem1
2025-01-01 11:33:30,118.45950916615114,UnitMeasure5,Subsystem1
2025-01-01 11:34:00,120.93330911196185,UnitMeasure5,Subsystem1
2025-01-01 11:34:30,121.11900863272814,UnitMeasure5,Subsystem1
2025-01-01 11:35:30,119.68270996651648,UnitMeasure5,Subsystem1
2025-01-01 11:36:00,121.09036847243155,UnitMeasure5,Subsystem1
2025-01-01 11:36:30,123.16750607046048,UnitMeasure5,Subsystem1
2025-01-01 11:37:00,124.1747760645917,UnitMeasure5,Subsystem1
2025-01-01 11:37:30,124.16557463655253,UnitMeasure5,Subsystem1
2025-01-01 11:38:00,122.56324185259577,UnitMeasure5,Subsystem1
2025-01-01 11:38:30,120.03989009715818,UnitMeasure5,Subsystem1
2025-01-01 11:39:00,119.3921050134077,UnitMeasure5,Subsystem1
2025-01-01 11:39:30,119.47092026463392,UnitMeasure5,Subsystem1
2025-01-01 11:40:00,118.5913507835032,UnitMeasure5,Subsystem1
2025-01-01 11:40:30,117.843300109358,UnitMeasure5,Subsystem1
2025-01-01 11:41:00,118.88278965394287,UnitMeasure5,Subsystem1
2025-01-01 11:41:30,121.18091872399265,UnitMeasure5,Subsystem1
2025-01-01 11:42:00,123.85324179147509,UnitMeasure5,Subsystem1
2025-01-01 11:42:30,124.6713905738174,UnitMeasure5,Subsystem1
2025-01-01 11:43:00,122.83531078397618,UnitMeasure5,Subsystem1
2025-01-01 11:43:30,122.13394241880954,UnitMeasure5,Subsystem1
2025-01-01 11:44:00,122.39385533599513,UnitMeasure5,Subsystem1
2025-01-01 11:44:30,122.7051130617059,UnitMeasure5,Subsystem1
2025-01-01 11:45:00,123.87665407558828,UnitMeasure5,Subsystem1
2025-01-01 11:45:30,125.66250674067535,UnitMeasure5,Subsystem1
2025-01-01 11:46:00,127.45063184002503,UnitMeasure5,Subsystem1
2025-01-01 11:46:30,130.50363523439833,UnitMeasure5,Subsystem1
2025-01-01 11:47:00,132.37535516493256,UnitMeasure5,Subsystem1
2025-01-01 11:47:30,133.73919417492982,UnitMeasure5,Subsystem1
2025-01-01 11:48:00,134.3738454299267,UnitMeasure5,Subsystem1
2025-01-01 11:48:30,134.9313634971517,UnitMeasure5,Subsystem1
2025-01-01 11:49:00,136.75818744821458,UnitMeasure5,Subsystem1
2025-01-01 11:49:30,139.0377144027359,UnitMeasure5,Subsystem1
2025-01-01 11:50:00,141.022309952978,UnitMeasure5,Subsystem1
2025-01-01 11:50:30,142.99256170109518,UnitMeasure5,Subsystem1
2025-01-01 11:51:30,143.15709588477802,UnitMeasure5,Subsystem1
2025-01-01 11:52:00,140.88477905104017,UnitMeasure5,Subsystem1
2025-01-01 11:52:30,137.0947364530242,UnitMeasure5,Subsystem1
2025-01-01 11:53:00,136.3307447805591,UnitMeasure5,Subsystem1
2025-01-01 11:53:30,136.43686852926024,UnitMeasure5,Subsystem1
2025-01-01 11:54:00,136.4146118176904,UnitMeasure5,Subsystem1
2025-01-01 11:54:30,135.6364245409733,UnitMeasure5,Subsystem1
2025-01-01 11:55:00,135.32783771130724,UnitMeasure5,Subsystem1
2025-01-01 11:55:30,136.28522835691155,UnitMeasure5,Subsystem1
2025-01-01 11:56:00,138.28320821235627,UnitMeasure5,Subsystem1
2025-01-01 11:56:30,139.22077829688627,UnitMeasure5,Subsystem1
2025-01-01 11:57:00,138.93124224487022,UnitMeasure5,Subsystem1
2025-01-01 11:57:30,138.5594653883755,UnitMeasure5,Subsystem1
2025-01-01 11:58:00,138.31668130310564,UnitMeasure5,Subsystem1
2025-01-01 11:58:30,139.83113836005074,UnitMeasure5,Subsystem1
2025-01-01 11:59:00,142.02983786923593,UnitMeasure5,Subsystem1
2025-01-01 11:59:30,144.26223978943102,UnitMeasure5,Subsystem1
