Datetime,Open
2025-08-17 00:01:00+00:00,4426.2783203125
2025-08-17 00:02:00+00:00,4424.08984375
2025-08-17 00:03:00+00:00,4426.3916015625
2025-08-17 00:04:00+00:00,4424.5126953125
2025-08-17 00:05:00+00:00,4427.64501953125
2025-08-17 00:06:00+00:00,4427.2001953125
2025-08-17 00:07:00+00:00,4425.25390625
2025-08-17 00:08:00+00:00,4425.36865234375
2025-08-17 00:10:00+00:00,4425.41015625
2025-08-17 00:11:00+00:00,4424.2529296875
2025-08-17 00:12:00+00:00,4423.94970703125
2025-08-17 00:13:00+00:00,4425.12451171875
2025-08-17 00:14:00+00:00,4424.13037109375
2025-08-17 00:16:00+00:00,4422.6181640625
2025-08-17 00:17:00+00:00,4422.41552734375
2025-08-17 00:18:00+00:00,4421.77587890625
2025-08-17 00:19:00+00:00,4422.75537109375
2025-08-17 00:20:00+00:00,4420.75732421875
2025-08-17 00:22:00+00:00,4415.96240234375
2025-08-17 00:23:00+00:00,4415.74267578125
2025-08-17 00:24:00+00:00,4415.79443359375
2025-08-17 00:25:00+00:00,4416.51953125
2025-08-17 00:26:00+00:00,4416.482421875
2025-08-17 00:28:00+00:00,4416.71533203125
2025-08-17 00:29:00+00:00,4416.4658203125
2025-08-17 00:30:00+00:00,4416.32373046875
2025-08-17 00:31:00+00:00,4415.88427734375
2025-08-17 00:32:00+00:00,4416.6611328125
2025-08-17 00:34:00+00:00,4415.125
2025-08-17 00:35:00+00:00,4414.9560546875
2025-08-17 00:36:00+00:00,4426.26025390625
2025-08-17 00:37:00+00:00,4429.88720703125
2025-08-17 00:38:00+00:00,4428.25146484375
2025-08-17 00:40:00+00:00,4422.6240234375
2025-08-17 00:41:00+00:00,4420.1669921875
2025-08-17 00:42:00+00:00,4422.14404296875
2025-08-17 00:43:00+00:00,4423.85205078125
2025-08-17 00:44:00+00:00,4423.4462890625
2025-08-17 00:46:00+00:00,4421.1572265625
2025-08-17 00:47:00+00:00,4421.0234375
2025-08-17 00:48:00+00:00,4420.47119140625
2025-08-17 00:49:00+00:00,4418.69189453125
2025-08-17 00:50:00+00:00,4418.0146484375
2025-08-17 00:52:00+00:00,4420.7451171875
2025-08-17 00:53:00+00:00,4418.66650390625
2025-08-17 00:54:00+00:00,4417.2021484375
2025-08-17 00:55:00+00:00,4415.42724609375
2025-08-17 00:56:00+00:00,4416.47412109375
2025-08-17 00:58:00+00:00,4416.9794921875
2025-08-17 00:59:00+00:00,4416.70361328125
2025-08-17 01:00:00+00:00,4415.59912109375
2025-08-17 01:01:00+00:00,4416.0126953125
2025-08-17 01:02:00+00:00,4413.84375
2025-08-17 01:03:00+00:00,4416.45458984375
2025-08-17 01:04:00+00:00,4413.892578125
2025-08-17 01:05:00+00:00,4413.34765625
2025-08-17 01:06:00+00:00,4410.6552734375
2025-08-17 01:07:00+00:00,4410.28564453125
2025-08-17 01:08:00+00:00,4406.72021484375
2025-08-17 01:10:00+00:00,4407.333984375
2025-08-17 01:11:00+00:00,4410.18115234375
2025-08-17 01:12:00+00:00,4408.8271484375
2025-08-17 01:13:00+00:00,4409.15576171875
2025-08-17 01:14:00+00:00,4410.92724609375
2025-08-17 01:16:00+00:00,4407.14453125
2025-08-17 01:17:00+00:00,4407.09326171875
2025-08-17 01:18:00+00:00,4405.5244140625
2025-08-17 01:19:00+00:00,4407.14794921875
2025-08-17 01:20:00+00:00,4406.79150390625
2025-08-17 01:22:00+00:00,4406.8935546875
2025-08-17 01:23:00+00:00,4407.4296875
2025-08-17 01:24:00+00:00,4407.521484375
2025-08-17 01:25:00+00:00,4408.1435546875
2025-08-17 01:26:00+00:00,4410.02587890625
2025-08-17 01:28:00+00:00,4412.18212890625
2025-08-17 01:29:00+00:00,4411.333984375
2025-08-17 01:30:00+00:00,4409.908203125
2025-08-17 01:31:00+00:00,4408.8427734375
2025-08-17 01:32:00+00:00,4413.64208984375
2025-08-17 01:34:00+00:00,4415.73193359375
2025-08-17 01:35:00+00:00,4420.1376953125
2025-08-17 01:36:00+00:00,4419.84521484375
2025-08-17 01:37:00+00:00,4420.3681640625
2025-08-17 01:38:00+00:00,4420.1689453125
2025-08-17 01:40:00+00:00,4420.2578125
2025-08-17 01:41:00+00:00,4420.01513671875
2025-08-17 01:42:00+00:00,4420.25439453125
2025-08-17 01:43:00+00:00,4417.927734375
2025-08-17 01:44:00+00:00,4411.00927734375
2025-08-17 01:46:00+00:00,4401.232421875
2025-08-17 01:47:00+00:00,4401.4384765625
2025-08-17 01:48:00+00:00,4406.09130859375
2025-08-17 01:49:00+00:00,4407.7998046875
2025-08-17 01:50:00+00:00,4408.158203125
2025-08-17 01:52:00+00:00,4409.376953125
2025-08-17 01:53:00+00:00,4407.09375
2025-08-17 01:54:00+00:00,4406.80810546875
2025-08-17 01:55:00+00:00,4406.8232421875
2025-08-17 01:56:00+00:00,4405.7529296875
2025-08-17 01:58:00+00:00,4408.42138671875
2025-08-17 01:59:00+00:00,4408.0771484375
2025-08-17 02:00:00+00:00,4408.6376953125
2025-08-17 02:01:00+00:00,4412.95703125
2025-08-17 02:02:00+00:00,4413.28466796875
2025-08-17 02:04:00+00:00,4412.658203125
2025-08-17 02:05:00+00:00,4412.50390625
2025-08-17 02:06:00+00:00,4414.10693359375
2025-08-17 02:07:00+00:00,4412.5322265625
2025-08-17 02:08:00+00:00,4413.3720703125
2025-08-17 02:10:00+00:00,4411.830078125
2025-08-17 02:12:00+00:00,4406.28662109375
2025-08-17 02:13:00+00:00,4405.14892578125
2025-08-17 02:14:00+00:00,4405.57080078125
2025-08-17 02:16:00+00:00,4404.42333984375
2025-08-17 02:17:00+00:00,4405.673828125
2025-08-17 02:18:00+00:00,4407.75048828125
2025-08-17 02:19:00+00:00,4409.23828125
2025-08-17 02:20:00+00:00,4408.24365234375
2025-08-17 02:22:00+00:00,4410.73876953125
2025-08-17 02:23:00+00:00,4411.869140625
2025-08-17 02:24:00+00:00,4412.69580078125
2025-08-17 02:25:00+00:00,4414.03076171875
2025-08-17 02:26:00+00:00,4415.6103515625
2025-08-17 02:28:00+00:00,4415.39892578125
2025-08-17 02:29:00+00:00,4415.36962890625
2025-08-17 02:30:00+00:00,4416.138671875
2025-08-17 02:31:00+00:00,4416.271484375
2025-08-17 02:32:00+00:00,4418.927734375
2025-08-17 02:34:00+00:00,4418.88720703125
2025-08-17 02:35:00+00:00,4415.2890625
2025-08-17 02:36:00+00:00,4415.52880859375
2025-08-17 02:37:00+00:00,4413.63134765625
2025-08-17 02:38:00+00:00,4414.54296875
2025-08-17 02:40:00+00:00,4415.93603515625
2025-08-17 02:41:00+00:00,4418.02880859375
2025-08-17 02:42:00+00:00,4419.6416015625
2025-08-17 02:43:00+00:00,4419.869140625
2025-08-17 02:44:00+00:00,4418.25830078125
2025-08-17 02:46:00+00:00,4417.333984375
2025-08-17 02:47:00+00:00,4419.197265625
2025-08-17 02:48:00+00:00,4419.86474609375
2025-08-17 02:49:00+00:00,4420.98486328125
2025-08-17 02:50:00+00:00,4422.5556640625
2025-08-17 02:51:00+00:00,4426.83642578125
2025-08-17 02:53:00+00:00,4425.205078125
2025-08-17 02:54:00+00:00,4427.1220703125
2025-08-17 02:55:00+00:00,4427.3349609375
2025-08-17 02:56:00+00:00,4431.10009765625
2025-08-17 02:58:00+00:00,4430.67431640625
2025-08-17 02:59:00+00:00,4430.67431640625
2025-08-17 03:00:00+00:00,4436.328125
2025-08-17 03:01:00+00:00,4437.9609375
2025-08-17 03:02:00+00:00,4438.46875
2025-08-17 03:04:00+00:00,4442.7548828125
2025-08-17 03:05:00+00:00,4443.45458984375
2025-08-17 03:06:00+00:00,4443.248046875
2025-08-17 03:07:00+00:00,4440.3818359375
2025-08-17 03:08:00+00:00,4435.96337890625
2025-08-17 03:10:00+00:00,4437.44775390625
2025-08-17 03:11:00+00:00,4438.96630859375
2025-08-17 03:12:00+00:00,4440.91943359375
2025-08-17 03:13:00+00:00,4441.4501953125
2025-08-17 03:14:00+00:00,4442.15234375
2025-08-17 03:16:00+00:00,4444.26220703125
2025-08-17 03:17:00+00:00,4442.51220703125
2025-08-17 03:18:00+00:00,4443.05078125
2025-08-17 03:19:00+00:00,4441.95361328125
2025-08-17 03:20:00+00:00,4441.34130859375
2025-08-17 03:22:00+00:00,4439.76904296875
2025-08-17 03:23:00+00:00,4439.96484375
2025-08-17 03:24:00+00:00,4439.2275390625
2025-08-17 03:25:00+00:00,4439.2744140625
2025-08-17 03:26:00+00:00,4436.4541015625
2025-08-17 03:28:00+00:00,4435.7119140625
2025-08-17 03:29:00+00:00,4436.5009765625
2025-08-17 03:30:00+00:00,4434.9267578125
2025-08-17 03:31:00+00:00,4432.88525390625
2025-08-17 03:32:00+00:00,4434.23486328125
2025-08-17 03:34:00+00:00,4437.3828125
2025-08-17 03:35:00+00:00,4437.47021484375
2025-08-17 03:36:00+00:00,4439.25537109375
2025-08-17 03:37:00+00:00,4441.9306640625
2025-08-17 03:38:00+00:00,4444.05517578125
2025-08-17 03:40:00+00:00,4445.1650390625
2025-08-17 03:42:00+00:00,4448.34619140625
2025-08-17 03:43:00+00:00,4454.93212890625
2025-08-17 03:44:00+00:00,4457.62646484375
2025-08-17 03:46:00+00:00,4455.13818359375
2025-08-17 03:47:00+00:00,4454.724609375
2025-08-17 03:49:00+00:00,4455.7275390625
2025-08-17 03:50:00+00:00,4454.64453125
2025-08-17 03:52:00+00:00,4455.87890625
2025-08-17 03:53:00+00:00,4455.76904296875
2025-08-17 03:54:00+00:00,4457.0048828125
2025-08-17 03:55:00+00:00,4459.1845703125
2025-08-17 03:56:00+00:00,4455.92431640625
2025-08-17 03:58:00+00:00,4455.12060546875
2025-08-17 03:59:00+00:00,4454.169921875
2025-08-17 04:00:00+00:00,4455.54638671875
2025-08-17 04:01:00+00:00,4455.30810546875
2025-08-17 04:02:00+00:00,4458.783203125
2025-08-17 04:04:00+00:00,4463.25732421875
2025-08-17 04:05:00+00:00,4464.0126953125
2025-08-17 04:06:00+00:00,4464.2548828125
2025-08-17 04:07:00+00:00,4465.7578125
2025-08-17 04:08:00+00:00,4466.5322265625
2025-08-17 04:10:00+00:00,4464.7861328125
2025-08-17 04:11:00+00:00,4462.34228515625
2025-08-17 04:12:00+00:00,4459.08251953125
2025-08-17 04:13:00+00:00,4459.8017578125
2025-08-17 04:14:00+00:00,4458.96728515625
2025-08-17 04:16:00+00:00,4459.72216796875
2025-08-17 04:17:00+00:00,4459.88427734375
2025-08-17 04:18:00+00:00,4472.453125
2025-08-17 04:19:00+00:00,4469.396484375
2025-08-17 04:20:00+00:00,4471.546875
2025-08-17 04:22:00+00:00,4477.1328125
2025-08-17 04:23:00+00:00,4478.322265625
2025-08-17 04:24:00+00:00,4479.18994140625
2025-08-17 04:25:00+00:00,4479.12060546875
2025-08-17 04:26:00+00:00,4476.90673828125
2025-08-17 04:28:00+00:00,4475.89453125
2025-08-17 04:29:00+00:00,4475.87841796875
2025-08-17 04:30:00+00:00,4475.90966796875
2025-08-17 04:31:00+00:00,4475.40673828125
2025-08-17 04:32:00+00:00,4477.5009765625
2025-08-17 04:34:00+00:00,4477.07861328125
2025-08-17 04:35:00+00:00,4476.75634765625
2025-08-17 04:36:00+00:00,4474.908203125
2025-08-17 04:37:00+00:00,4473.67626953125
2025-08-17 04:38:00+00:00,4472.77490234375
2025-08-17 04:40:00+00:00,4471.7998046875
2025-08-17 04:41:00+00:00,4472.06689453125
2025-08-17 04:42:00+00:00,4471.611328125
2025-08-17 04:43:00+00:00,4471.04443359375
2025-08-17 04:44:00+00:00,4473.4267578125
2025-08-17 04:46:00+00:00,4468.8193359375
2025-08-17 04:47:00+00:00,4473.85693359375
2025-08-17 04:48:00+00:00,4474.404296875
2025-08-17 04:49:00+00:00,4475.42919921875
2025-08-17 04:50:00+00:00,4475.87939453125
2025-08-17 04:52:00+00:00,4480.23583984375
2025-08-17 04:53:00+00:00,4480.74658203125
2025-08-17 04:54:00+00:00,4485.53466796875
2025-08-17 04:55:00+00:00,4490.8173828125
2025-08-17 04:56:00+00:00,4492.66552734375
2025-08-17 04:57:00+00:00,4490.8583984375
2025-08-17 04:58:00+00:00,4487.3515625
2025-08-17 04:59:00+00:00,4488.18701171875
2025-08-17 05:00:00+00:00,4487.5595703125
2025-08-17 05:01:00+00:00,4486.3095703125
2025-08-17 05:02:00+00:00,4485.20361328125
2025-08-17 05:04:00+00:00,4485.81640625
2025-08-17 05:05:00+00:00,4486.19677734375
2025-08-17 05:06:00+00:00,4483.1953125
2025-08-17 05:07:00+00:00,4482.58935546875
2025-08-17 05:08:00+00:00,4483.22998046875
2025-08-17 05:10:00+00:00,4485.0927734375
2025-08-17 05:11:00+00:00,4489.19921875
2025-08-17 05:12:00+00:00,4490.2138671875
2025-08-17 05:13:00+00:00,4492.18701171875
2025-08-17 05:14:00+00:00,4490.87255859375
2025-08-17 05:16:00+00:00,4490.1083984375
2025-08-17 05:17:00+00:00,4494.49267578125
2025-08-17 05:18:00+00:00,4491.47412109375
2025-08-17 05:19:00+00:00,4490.908203125
2025-08-17 05:20:00+00:00,4487.85595703125
2025-08-17 05:22:00+00:00,4485.5126953125
2025-08-17 05:23:00+00:00,4485.38427734375
2025-08-17 05:24:00+00:00,4485.6513671875
2025-08-17 05:25:00+00:00,4484.3935546875
2025-08-17 05:26:00+00:00,4479.9716796875
2025-08-17 05:28:00+00:00,4480.17333984375
2025-08-17 05:29:00+00:00,4479.3818359375
2025-08-17 05:30:00+00:00,4480.14501953125
2025-08-17 05:31:00+00:00,4480.73828125
2025-08-17 05:32:00+00:00,4479.9638671875
2025-08-17 05:34:00+00:00,4477.17236328125
2025-08-17 05:35:00+00:00,4475.833984375
2025-08-17 05:36:00+00:00,4476.23193359375
2025-08-17 05:37:00+00:00,4475.41845703125
2025-08-17 05:38:00+00:00,4474.609375
2025-08-17 05:40:00+00:00,4479.32861328125
2025-08-17 05:41:00+00:00,4478.548828125
2025-08-17 05:42:00+00:00,4477.6611328125
2025-08-17 05:43:00+00:00,4477.15966796875
2025-08-17 05:44:00+00:00,4476.86767578125
2025-08-17 05:46:00+00:00,4476.5986328125
2025-08-17 05:47:00+00:00,4479.15625
2025-08-17 05:48:00+00:00,4481.462890625
2025-08-17 05:49:00+00:00,4480.63720703125
2025-08-17 05:50:00+00:00,4481.60107421875
2025-08-17 05:52:00+00:00,4479.86962890625
2025-08-17 05:53:00+00:00,4477.126953125
2025-08-17 05:54:00+00:00,4475.908203125
2025-08-17 05:55:00+00:00,4474.9794921875
2025-08-17 05:56:00+00:00,4472.642578125
2025-08-17 05:58:00+00:00,4473.494140625
2025-08-17 05:59:00+00:00,4475.12353515625
2025-08-17 06:00:00+00:00,4474.12744140625
2025-08-17 06:01:00+00:00,4474.7802734375
2025-08-17 06:02:00+00:00,4475.55908203125
2025-08-17 06:04:00+00:00,4478.77001953125
2025-08-17 06:05:00+00:00,4479.5703125
2025-08-17 06:06:00+00:00,4480.28857421875
2025-08-17 06:07:00+00:00,4480.3876953125
2025-08-17 06:08:00+00:00,4480.57470703125
2025-08-17 06:10:00+00:00,4483.4814453125
2025-08-17 06:11:00+00:00,4482.70556640625
2025-08-17 06:12:00+00:00,4482.1357421875
2025-08-17 06:13:00+00:00,4482.00390625
2025-08-17 06:14:00+00:00,4484.58154296875
2025-08-17 06:16:00+00:00,4484.16015625
2025-08-17 06:17:00+00:00,4483.49951171875
2025-08-17 06:18:00+00:00,4483.32177734375
2025-08-17 06:19:00+00:00,4481.7578125
2025-08-17 06:20:00+00:00,4481.6806640625
2025-08-17 06:22:00+00:00,4481.14599609375
2025-08-17 06:23:00+00:00,4479.52001953125
2025-08-17 06:24:00+00:00,4479.818359375
2025-08-17 06:25:00+00:00,4479.65576171875
2025-08-17 06:26:00+00:00,4481.458984375
2025-08-17 06:28:00+00:00,4482.9052734375
2025-08-17 06:29:00+00:00,4481.880859375
2025-08-17 06:30:00+00:00,4479.65380859375
2025-08-17 06:31:00+00:00,4476.2880859375
2025-08-17 06:32:00+00:00,4474.1875
2025-08-17 06:34:00+00:00,4472.38623046875
2025-08-17 06:35:00+00:00,4471.4365234375
2025-08-17 06:36:00+00:00,4471.3564453125
2025-08-17 06:37:00+00:00,4470.04931640625
2025-08-17 06:38:00+00:00,4469.041015625
2025-08-17 06:40:00+00:00,4467.802734375
2025-08-17 06:41:00+00:00,4470.11572265625
2025-08-17 06:42:00+00:00,4472.001953125
2025-08-17 06:43:00+00:00,4472.15087890625
2025-08-17 06:44:00+00:00,4472.111328125
2025-08-17 06:46:00+00:00,4474.4658203125
2025-08-17 06:47:00+00:00,4472.43701171875
2025-08-17 06:48:00+00:00,4468.474609375
2025-08-17 06:49:00+00:00,4466.14501953125
2025-08-17 06:52:00+00:00,4464.84765625
2025-08-17 06:53:00+00:00,4462.12939453125
2025-08-17 06:54:00+00:00,4462.1806640625
2025-08-17 06:55:00+00:00,4461.36376953125
2025-08-17 06:56:00+00:00,4460.83740234375
2025-08-17 06:58:00+00:00,4460.54052734375
2025-08-17 06:59:00+00:00,4459.8662109375
2025-08-17 07:00:00+00:00,4460.275390625
2025-08-17 07:01:00+00:00,4462.44970703125
2025-08-17 07:02:00+00:00,4462.185546875
2025-08-17 07:04:00+00:00,4460.421875
2025-08-17 07:05:00+00:00,4459.50830078125
2025-08-17 07:06:00+00:00,4451.68212890625
2025-08-17 07:07:00+00:00,4454.19287109375
2025-08-17 07:08:00+00:00,4459.50927734375
2025-08-17 07:10:00+00:00,4461.5966796875
2025-08-17 07:11:00+00:00,4462.14404296875
2025-08-17 07:12:00+00:00,4463.8095703125
2025-08-17 07:13:00+00:00,4464.748046875
2025-08-17 07:14:00+00:00,4466.1044921875
2025-08-17 07:16:00+00:00,4467.4833984375
2025-08-17 07:17:00+00:00,4469.75341796875
2025-08-17 07:18:00+00:00,4471.05419921875
2025-08-17 07:19:00+00:00,4470.68115234375
2025-08-17 07:20:00+00:00,4471.1162109375
2025-08-17 07:22:00+00:00,4469.9697265625
2025-08-17 07:23:00+00:00,4470.85009765625
2025-08-17 07:24:00+00:00,4472.51123046875
2025-08-17 07:25:00+00:00,4472.78466796875
2025-08-17 07:26:00+00:00,4472.0927734375
2025-08-17 07:28:00+00:00,4469.60791015625
2025-08-17 07:29:00+00:00,4468.990234375
2025-08-17 07:30:00+00:00,4468.9580078125
2025-08-17 07:31:00+00:00,4470.63232421875
2025-08-17 07:32:00+00:00,4468.07861328125
2025-08-17 07:34:00+00:00,4461.65771484375
2025-08-17 07:35:00+00:00,4463.40185546875
2025-08-17 07:36:00+00:00,4464.81396484375
2025-08-17 07:37:00+00:00,4465.9638671875
2025-08-17 07:38:00+00:00,4466.28466796875
2025-08-17 07:40:00+00:00,4469.8955078125
2025-08-17 07:41:00+00:00,4473.21337890625
2025-08-17 07:42:00+00:00,4475.1552734375
2025-08-17 07:43:00+00:00,4473.8203125
2025-08-17 07:44:00+00:00,4473.9658203125
2025-08-17 07:46:00+00:00,4471.83544921875
2025-08-17 07:47:00+00:00,4472.68212890625
2025-08-17 07:48:00+00:00,4472.0703125
2025-08-17 07:49:00+00:00,4472.9697265625
2025-08-17 07:50:00+00:00,4472.84228515625
2025-08-17 07:52:00+00:00,4474.1005859375
2025-08-17 07:53:00+00:00,4472.830078125
2025-08-17 07:54:00+00:00,4472.47802734375
2025-08-17 07:55:00+00:00,4472.73095703125
2025-08-17 07:56:00+00:00,4472.2265625
2025-08-17 07:58:00+00:00,4470.638671875
2025-08-17 07:59:00+00:00,4469.7099609375
2025-08-17 08:00:00+00:00,4470.29833984375
2025-08-17 08:01:00+00:00,4472.02783203125
2025-08-17 08:02:00+00:00,4468.826171875
2025-08-17 08:04:00+00:00,4468.154296875
2025-08-17 08:05:00+00:00,4469.32568359375
2025-08-17 08:06:00+00:00,4469.0634765625
2025-08-17 08:07:00+00:00,4466.82568359375
2025-08-17 08:08:00+00:00,4465.40576171875
2025-08-17 08:10:00+00:00,4464.08984375
2025-08-17 08:12:00+00:00,4463.869140625
2025-08-17 08:13:00+00:00,4464.337890625
2025-08-17 08:14:00+00:00,4465.20703125
2025-08-17 08:16:00+00:00,4466.55126953125
2025-08-17 08:17:00+00:00,4467.9033203125
2025-08-17 08:18:00+00:00,4468.52294921875
2025-08-17 08:19:00+00:00,4468.34912109375
2025-08-17 08:20:00+00:00,4468.96533203125
2025-08-17 08:22:00+00:00,4470.11083984375
2025-08-17 08:23:00+00:00,4473.67724609375
2025-08-17 08:24:00+00:00,4473.837890625
2025-08-17 08:25:00+00:00,4473.41064453125
2025-08-17 08:26:00+00:00,4472.2705078125
2025-08-17 08:28:00+00:00,4475.38720703125
2025-08-17 08:29:00+00:00,4475.40576171875
2025-08-17 08:30:00+00:00,4475.7666015625
2025-08-17 08:31:00+00:00,4476.42578125
2025-08-17 08:32:00+00:00,4476.3232421875
2025-08-17 08:34:00+00:00,4479.32763671875
2025-08-17 08:35:00+00:00,4479.419921875
2025-08-17 08:36:00+00:00,4480.60888671875
2025-08-17 08:37:00+00:00,4481.78173828125
2025-08-17 08:38:00+00:00,4483.47119140625
2025-08-17 08:40:00+00:00,4485.98876953125
2025-08-17 08:41:00+00:00,4487.27392578125
2025-08-17 08:42:00+00:00,4486.666015625
2025-08-17 08:43:00+00:00,4487.0205078125
2025-08-17 08:44:00+00:00,4487.38525390625
2025-08-17 08:46:00+00:00,4486.22705078125
2025-08-17 08:47:00+00:00,4485.64990234375
2025-08-17 08:48:00+00:00,4486.47119140625
2025-08-17 08:49:00+00:00,4489.5224609375
2025-08-17 08:50:00+00:00,4487.74072265625
2025-08-17 08:52:00+00:00,4525.24267578125
2025-08-17 08:53:00+00:00,4519.11279296875
2025-08-17 08:54:00+00:00,4525.21826171875
2025-08-17 08:55:00+00:00,4531.25927734375
2025-08-17 08:56:00+00:00,4534.37255859375
2025-08-17 08:58:00+00:00,4538.29150390625
2025-08-17 08:59:00+00:00,4539.59619140625
2025-08-17 09:00:00+00:00,4538.71728515625
2025-08-17 09:01:00+00:00,4545.05908203125
2025-08-17 09:02:00+00:00,4549.82421875
2025-08-17 09:04:00+00:00,4551.88720703125
2025-08-17 09:05:00+00:00,4549.1787109375
2025-08-17 09:06:00+00:00,4552.767578125
2025-08-17 09:07:00+00:00,4546.74951171875
2025-08-17 09:08:00+00:00,4545.73779296875
2025-08-17 09:10:00+00:00,4547.3251953125
2025-08-17 09:11:00+00:00,4543.41357421875
2025-08-17 09:12:00+00:00,4553.64501953125
2025-08-17 09:13:00+00:00,4550.5869140625
2025-08-17 09:14:00+00:00,4547.4462890625
2025-08-17 09:16:00+00:00,4546.79931640625
2025-08-17 09:17:00+00:00,4550.162109375
2025-08-17 09:18:00+00:00,4552.466796875
2025-08-17 09:19:00+00:00,4554.82861328125
2025-08-17 09:20:00+00:00,4558.134765625
2025-08-17 09:22:00+00:00,4554.611328125
2025-08-17 09:23:00+00:00,4555.83837890625
2025-08-17 09:24:00+00:00,4558.1259765625
2025-08-17 09:25:00+00:00,4558.056640625
2025-08-17 09:26:00+00:00,4556.36865234375
2025-08-17 09:28:00+00:00,4554.34521484375
2025-08-17 09:29:00+00:00,4553.8662109375
2025-08-17 09:30:00+00:00,4551.45849609375
2025-08-17 09:31:00+00:00,4553.08203125
2025-08-17 09:32:00+00:00,4550.2734375
2025-08-17 09:34:00+00:00,4545.6728515625
2025-08-17 09:35:00+00:00,4542.978515625
2025-08-17 09:36:00+00:00,4541.78759765625
2025-08-17 09:37:00+00:00,4540.90185546875
2025-08-17 09:38:00+00:00,4540.6435546875
2025-08-17 09:40:00+00:00,4540.71240234375
2025-08-17 09:41:00+00:00,4538.43603515625
2025-08-17 09:42:00+00:00,4537.306640625
2025-08-17 09:43:00+00:00,4536.8115234375
2025-08-17 09:44:00+00:00,4533.85546875
2025-08-17 09:46:00+00:00,4539.1015625
2025-08-17 09:47:00+00:00,4537.90380859375
2025-08-17 09:48:00+00:00,4537.90673828125
2025-08-17 09:49:00+00:00,4533.08349609375
2025-08-17 09:50:00+00:00,4532.86572265625
2025-08-17 09:52:00+00:00,4538.68359375
2025-08-17 09:53:00+00:00,4537.435546875
2025-08-17 09:54:00+00:00,4541.71875
2025-08-17 09:55:00+00:00,4543.6220703125
2025-08-17 09:56:00+00:00,4546.81396484375
2025-08-17 09:58:00+00:00,4545.6416015625
2025-08-17 10:00:00+00:00,4545.04248046875
2025-08-17 10:01:00+00:00,4544.83251953125
2025-08-17 10:02:00+00:00,4542.85888671875
2025-08-17 10:03:00+00:00,4540.2734375
2025-08-17 10:04:00+00:00,4542.30859375
2025-08-17 10:06:00+00:00,4539.95849609375
2025-08-17 10:07:00+00:00,4538.2890625
2025-08-17 10:08:00+00:00,4537.05419921875
2025-08-17 10:09:00+00:00,4535.7197265625
2025-08-17 10:10:00+00:00,4534.5283203125
2025-08-17 10:12:00+00:00,4534.8408203125
2025-08-17 10:13:00+00:00,4534.2724609375
2025-08-17 10:14:00+00:00,4533.92822265625
2025-08-17 10:15:00+00:00,4536.89453125
2025-08-17 10:16:00+00:00,4537.990234375
2025-08-17 10:18:00+00:00,4543.6787109375
2025-08-17 10:19:00+00:00,4545.05126953125
2025-08-17 10:20:00+00:00,4545.1630859375
2025-08-17 10:21:00+00:00,4542.861328125
2025-08-17 10:22:00+00:00,4544.4130859375
2025-08-17 10:23:00+00:00,4543.13720703125
2025-08-17 10:24:00+00:00,4543.771484375
2025-08-17 10:25:00+00:00,4543.537109375
2025-08-17 10:26:00+00:00,4543.126953125
2025-08-17 10:27:00+00:00,4542.6005859375
2025-08-17 10:28:00+00:00,4541.97412109375
2025-08-17 10:29:00+00:00,4541.74169921875
2025-08-17 10:30:00+00:00,4540.9326171875
2025-08-17 10:31:00+00:00,4539.18505859375
2025-08-17 10:32:00+00:00,4540.44384765625
2025-08-17 10:33:00+00:00,4541.7587890625
2025-08-17 10:34:00+00:00,4543.38916015625
2025-08-17 10:35:00+00:00,4545.25341796875
2025-08-17 10:36:00+00:00,4541.111328125
2025-08-17 10:37:00+00:00,4544.072265625
2025-08-17 10:38:00+00:00,4546.2119140625
2025-08-17 10:39:00+00:00,4544.91064453125
2025-08-17 10:40:00+00:00,4545.77783203125
2025-08-17 10:41:00+00:00,4545.7314453125
2025-08-17 10:42:00+00:00,4545.76953125
2025-08-17 10:43:00+00:00,4545.62255859375
2025-08-17 10:44:00+00:00,4551.2958984375
2025-08-17 10:45:00+00:00,4553.033203125
2025-08-17 10:46:00+00:00,4552.919921875
2025-08-17 10:47:00+00:00,4550.9580078125
2025-08-17 10:48:00+00:00,4552.9736328125
2025-08-17 10:49:00+00:00,4555.53173828125
2025-08-17 10:50:00+00:00,4555.78515625
2025-08-17 10:52:00+00:00,4554.607421875
2025-08-17 10:53:00+00:00,4552.85888671875
2025-08-17 10:54:00+00:00,4555.35546875
2025-08-17 10:55:00+00:00,4558.810546875
2025-08-17 10:56:00+00:00,4573.02392578125
2025-08-17 10:57:00+00:00,4568.78125
2025-08-17 10:58:00+00:00,4570.3828125
2025-08-17 10:59:00+00:00,4571.904296875
2025-08-17 11:00:00+00:00,4571.23779296875
2025-08-17 11:01:00+00:00,4569.794921875
2025-08-17 11:02:00+00:00,4567.40966796875
2025-08-17 11:03:00+00:00,4565.8505859375
2025-08-17 11:04:00+00:00,4565.248046875
2025-08-17 11:05:00+00:00,4563.93408203125
2025-08-17 11:06:00+00:00,4563.71923828125
2025-08-17 11:07:00+00:00,4563.84912109375
2025-08-17 11:08:00+00:00,4563.1572265625
2025-08-17 11:09:00+00:00,4564.86865234375
2025-08-17 11:10:00+00:00,4563.783203125
2025-08-17 11:11:00+00:00,4563.80908203125
2025-08-17 11:12:00+00:00,4561.7607421875
2025-08-17 11:13:00+00:00,4560.51416015625
2025-08-17 11:14:00+00:00,4562.33447265625
2025-08-17 11:15:00+00:00,4561.7919921875
2025-08-17 11:16:00+00:00,4561.32666015625
2025-08-17 11:17:00+00:00,4561.49853515625
2025-08-17 11:18:00+00:00,4559.94189453125
2025-08-17 11:19:00+00:00,4561.18359375
2025-08-17 11:20:00+00:00,4562.8369140625
2025-08-17 11:21:00+00:00,4562.77197265625
2025-08-17 11:22:00+00:00,4562.39599609375
2025-08-17 11:23:00+00:00,4562.67578125
2025-08-17 11:24:00+00:00,4563.82958984375
2025-08-17 11:25:00+00:00,4564.63330078125
2025-08-17 11:26:00+00:00,4563.9384765625
2025-08-17 11:27:00+00:00,4561.392578125
2025-08-17 11:28:00+00:00,4558.89501953125
2025-08-17 11:29:00+00:00,4558.38330078125
2025-08-17 11:30:00+00:00,4558.4462890625
2025-08-17 11:31:00+00:00,4559.5869140625
2025-08-17 11:32:00+00:00,4562.08447265625
2025-08-17 11:33:00+00:00,4562.53466796875
2025-08-17 11:34:00+00:00,4560.1494140625
2025-08-17 11:35:00+00:00,4557.2197265625
2025-08-17 11:36:00+00:00,4553.37255859375
2025-08-17 11:37:00+00:00,4557.72119140625
2025-08-17 11:38:00+00:00,4558.66259765625
2025-08-17 11:39:00+00:00,4559.3759765625
2025-08-17 11:40:00+00:00,4557.3408203125
2025-08-17 11:41:00+00:00,4556.28173828125
2025-08-17 11:42:00+00:00,4556.62255859375
2025-08-17 11:43:00+00:00,4557.9853515625
2025-08-17 11:44:00+00:00,4559.41650390625
2025-08-17 11:45:00+00:00,4559.7841796875
2025-08-17 11:46:00+00:00,4560.26904296875
2025-08-17 11:47:00+00:00,4559.37744140625
2025-08-17 11:48:00+00:00,4559.27587890625
2025-08-17 11:49:00+00:00,4559.29833984375
2025-08-17 11:50:00+00:00,4558.29541015625
2025-08-17 11:51:00+00:00,4559.67578125
2025-08-17 11:52:00+00:00,4560.7373046875
2025-08-17 11:53:00+00:00,4561.1611328125
2025-08-17 11:54:00+00:00,4560.96533203125
2025-08-17 11:55:00+00:00,4561.125
2025-08-17 11:56:00+00:00,4558.20947265625
2025-08-17 11:57:00+00:00,4552.88818359375
2025-08-17 11:58:00+00:00,4553.18359375
2025-08-17 11:59:00+00:00,4554.0478515625
2025-08-17 12:00:00+00:00,4554.37255859375
2025-08-17 12:01:00+00:00,4554.52490234375
2025-08-17 12:02:00+00:00,4552.45166015625
2025-08-17 12:03:00+00:00,4550.87744140625
2025-08-17 12:04:00+00:00,4548.43603515625
2025-08-17 12:05:00+00:00,4547.8212890625
2025-08-17 12:06:00+00:00,4550.6494140625
2025-08-17 12:07:00+00:00,4549.505859375
2025-08-17 12:08:00+00:00,4545.50537109375
2025-08-17 12:09:00+00:00,4547.32666015625
2025-08-17 12:10:00+00:00,4548.4169921875
2025-08-17 12:11:00+00:00,4548.57421875
2025-08-17 12:12:00+00:00,4548.34521484375
2025-08-17 12:13:00+00:00,4548.53173828125
2025-08-17 12:14:00+00:00,4547.853515625
2025-08-17 12:15:00+00:00,4547.55615234375
2025-08-17 12:16:00+00:00,4547.271484375
2025-08-17 12:17:00+00:00,4544.37353515625
2025-08-17 12:18:00+00:00,4546.04248046875
2025-08-17 12:19:00+00:00,4545.81201171875
2025-08-17 12:20:00+00:00,4544.953125
2025-08-17 12:21:00+00:00,4543.626953125
2025-08-17 12:22:00+00:00,4542.42236328125
2025-08-17 12:23:00+00:00,4542.06005859375
2025-08-17 12:24:00+00:00,4542.390625
2025-08-17 12:25:00+00:00,4542.513671875
2025-08-17 12:26:00+00:00,4545.56640625
2025-08-17 12:27:00+00:00,4544.4140625
2025-08-17 12:28:00+00:00,4545.52197265625
2025-08-17 12:29:00+00:00,4544.712890625
2025-08-17 12:30:00+00:00,4543.8701171875
2025-08-17 12:31:00+00:00,4543.93505859375
2025-08-17 12:32:00+00:00,4546.0283203125
2025-08-17 12:33:00+00:00,4549.05078125
2025-08-17 12:34:00+00:00,4549.125
2025-08-17 12:35:00+00:00,4548.8115234375
2025-08-17 12:36:00+00:00,4550.47998046875
2025-08-17 12:37:00+00:00,4550.2294921875
2025-08-17 12:38:00+00:00,4546.52490234375
2025-08-17 12:39:00+00:00,4547.50830078125
2025-08-17 12:40:00+00:00,4545.9296875
2025-08-17 12:41:00+00:00,4547.07177734375
2025-08-17 12:42:00+00:00,4546.3447265625
2025-08-17 12:43:00+00:00,4545.16259765625
2025-08-17 12:44:00+00:00,4543.734375
2025-08-17 12:45:00+00:00,4545.44482421875
2025-08-17 12:46:00+00:00,4546.81689453125
2025-08-17 12:47:00+00:00,4545.63916015625
2025-08-17 12:48:00+00:00,4544.12353515625
2025-08-17 12:49:00+00:00,4543.92138671875
2025-08-17 12:50:00+00:00,4544.12158203125
2025-08-17 12:51:00+00:00,4544.26953125
2025-08-17 12:52:00+00:00,4544.52685546875
2025-08-17 12:53:00+00:00,4543.169921875
2025-08-17 12:54:00+00:00,4541.1865234375
2025-08-17 12:55:00+00:00,4541.54296875
2025-08-17 12:56:00+00:00,4540.36669921875
2025-08-17 12:57:00+00:00,4542.640625
2025-08-17 12:58:00+00:00,4545.20068359375
2025-08-17 12:59:00+00:00,4544.33837890625
2025-08-17 13:00:00+00:00,4544.10498046875
2025-08-17 13:01:00+00:00,4544.791015625
2025-08-17 13:02:00+00:00,4542.28662109375
2025-08-17 13:03:00+00:00,4534.96826171875
2025-08-17 13:04:00+00:00,4534.64697265625
2025-08-17 13:05:00+00:00,4535.48291015625
2025-08-17 13:06:00+00:00,4535.76318359375
2025-08-17 13:07:00+00:00,4535.11279296875
2025-08-17 13:08:00+00:00,4534.0556640625
2025-08-17 13:09:00+00:00,4531.47607421875
2025-08-17 13:10:00+00:00,4531.98828125
2025-08-17 13:11:00+00:00,4531.43310546875
2025-08-17 13:12:00+00:00,4531.73046875
2025-08-17 13:13:00+00:00,4529.71923828125
2025-08-17 13:15:00+00:00,4523.83203125
2025-08-17 13:16:00+00:00,4526.70263671875
2025-08-17 13:17:00+00:00,4528.2294921875
2025-08-17 13:18:00+00:00,4527.962890625
2025-08-17 13:20:00+00:00,4527.322265625
2025-08-17 13:21:00+00:00,4530.07373046875
2025-08-17 13:22:00+00:00,4532.73291015625
2025-08-17 13:23:00+00:00,4534.521484375
2025-08-17 13:25:00+00:00,4531.57763671875
2025-08-17 13:26:00+00:00,4531.80224609375
2025-08-17 13:27:00+00:00,4533.19091796875
2025-08-17 13:28:00+00:00,4532.126953125
2025-08-17 13:30:00+00:00,4532.3955078125
2025-08-17 13:31:00+00:00,4535.78759765625
2025-08-17 13:32:00+00:00,4533.82568359375
2025-08-17 13:33:00+00:00,4533.73486328125
2025-08-17 13:35:00+00:00,4532.7587890625
2025-08-17 13:36:00+00:00,4536.0078125
2025-08-17 13:37:00+00:00,4533.9921875
2025-08-17 13:38:00+00:00,4536.42431640625
2025-08-17 13:40:00+00:00,4536.0595703125
2025-08-17 13:41:00+00:00,4536.36328125
2025-08-17 13:42:00+00:00,4538.54736328125
2025-08-17 13:43:00+00:00,4537.67138671875
2025-08-17 13:45:00+00:00,4538.17041015625
2025-08-17 13:46:00+00:00,4540.5087890625
2025-08-17 13:47:00+00:00,4541.21533203125
2025-08-17 13:48:00+00:00,4540.96728515625
2025-08-17 13:50:00+00:00,4543.11767578125
2025-08-17 13:51:00+00:00,4547.53076171875
2025-08-17 13:52:00+00:00,4548.64599609375
2025-08-17 13:53:00+00:00,4550.1123046875
2025-08-17 13:55:00+00:00,4548.36181640625
2025-08-17 13:56:00+00:00,4543.7705078125
2025-08-17 13:57:00+00:00,4543.5185546875
2025-08-17 13:58:00+00:00,4539.02978515625
2025-08-17 14:00:00+00:00,4538.92138671875
2025-08-17 14:01:00+00:00,4537.34228515625
2025-08-17 14:02:00+00:00,4538.4443359375
2025-08-17 14:03:00+00:00,4541.2578125
2025-08-17 14:05:00+00:00,4544.28173828125
2025-08-17 14:06:00+00:00,4543.9521484375
2025-08-17 14:07:00+00:00,4545.95458984375
2025-08-17 14:08:00+00:00,4546.56298828125
2025-08-17 14:10:00+00:00,4547.1259765625
2025-08-17 14:11:00+00:00,4547.134765625
2025-08-17 14:12:00+00:00,4546.53955078125
2025-08-17 14:13:00+00:00,4547.10009765625
2025-08-17 14:15:00+00:00,4544.6884765625
2025-08-17 14:16:00+00:00,4543.58447265625
2025-08-17 14:17:00+00:00,4542.0107421875
2025-08-17 14:18:00+00:00,4543.77880859375
2025-08-17 14:20:00+00:00,4543.27978515625
2025-08-17 14:21:00+00:00,4540.58154296875
2025-08-17 14:22:00+00:00,4535.62939453125
2025-08-17 14:23:00+00:00,4536.04833984375
2025-08-17 14:25:00+00:00,4537.1318359375
2025-08-17 14:26:00+00:00,4539.15283203125
2025-08-17 14:27:00+00:00,4539.005859375
2025-08-17 14:28:00+00:00,4545.18115234375
2025-08-17 14:30:00+00:00,4546.228515625
2025-08-17 14:31:00+00:00,4547.65771484375
2025-08-17 14:32:00+00:00,4548.18310546875
2025-08-17 14:33:00+00:00,4549.32666015625
2025-08-17 14:35:00+00:00,4546.15478515625
2025-08-17 14:36:00+00:00,4545.2138671875
2025-08-17 14:37:00+00:00,4546.9287109375
2025-08-17 14:38:00+00:00,4545.6796875
2025-08-17 14:40:00+00:00,4549.09033203125
2025-08-17 14:42:00+00:00,4553.37548828125
2025-08-17 14:43:00+00:00,4553.10546875
2025-08-17 14:45:00+00:00,4554.09375
2025-08-17 14:46:00+00:00,4557.97119140625
2025-08-17 14:47:00+00:00,4558.8203125
2025-08-17 14:48:00+00:00,4558.7744140625
2025-08-17 14:50:00+00:00,4555.2001953125
2025-08-17 14:51:00+00:00,4551.88720703125
2025-08-17 14:52:00+00:00,4551.0234375
2025-08-17 14:53:00+00:00,4551.72119140625
2025-08-17 14:55:00+00:00,4554.541015625
2025-08-17 14:56:00+00:00,4553.45166015625
2025-08-17 14:57:00+00:00,4552.4482421875
2025-08-17 14:58:00+00:00,4553.25830078125
2025-08-17 15:00:00+00:00,4554.79296875
2025-08-17 15:01:00+00:00,4555.58837890625
2025-08-17 15:02:00+00:00,4557.3583984375
2025-08-17 15:03:00+00:00,4556.24609375
2025-08-17 15:05:00+00:00,4558.29052734375
2025-08-17 15:06:00+00:00,4557.685546875
2025-08-17 15:07:00+00:00,4553.46826171875
2025-08-17 15:08:00+00:00,4554.19970703125
2025-08-17 15:10:00+00:00,4557.33154296875
2025-08-17 15:11:00+00:00,4557.12744140625
2025-08-17 15:12:00+00:00,4559.486328125
2025-08-17 15:13:00+00:00,4557.42529296875
2025-08-17 15:15:00+00:00,4555.5751953125
2025-08-17 15:16:00+00:00,4555.974609375
2025-08-17 15:17:00+00:00,4553.423828125
2025-08-17 15:18:00+00:00,4552.84130859375
2025-08-17 15:20:00+00:00,4550.9189453125
2025-08-17 15:21:00+00:00,4549.41845703125
2025-08-17 15:22:00+00:00,4550.984375
2025-08-17 15:23:00+00:00,4553.513671875
2025-08-17 15:25:00+00:00,4552.73193359375
2025-08-17 15:26:00+00:00,4552.60205078125
2025-08-17 15:27:00+00:00,4552.06494140625
2025-08-17 15:28:00+00:00,4554.94580078125
2025-08-17 15:30:00+00:00,4555.24609375
2025-08-17 15:31:00+00:00,4557.17724609375
2025-08-17 15:32:00+00:00,4559.93017578125
2025-08-17 15:33:00+00:00,4559.724609375
2025-08-17 15:35:00+00:00,4563.62646484375
2025-08-17 15:36:00+00:00,4566.03271484375
2025-08-17 15:37:00+00:00,4566.5546875
2025-08-17 15:38:00+00:00,4563.720703125
2025-08-17 15:40:00+00:00,4564.2900390625
2025-08-17 15:41:00+00:00,4562.75244140625
2025-08-17 15:42:00+00:00,4564.69921875
2025-08-17 15:43:00+00:00,4566.662109375
2025-08-17 15:45:00+00:00,4565.66650390625
2025-08-17 15:46:00+00:00,4564.0673828125
2025-08-17 15:47:00+00:00,4564.56591796875
2025-08-17 15:48:00+00:00,4563.3583984375
2025-08-17 15:50:00+00:00,4563.32177734375
2025-08-17 15:51:00+00:00,4562.86962890625
2025-08-17 15:52:00+00:00,4560.3466796875
2025-08-17 15:53:00+00:00,4562.037109375
2025-08-17 15:55:00+00:00,4562.8125
2025-08-17 15:56:00+00:00,4564.27587890625
2025-08-17 15:57:00+00:00,4565.201171875
2025-08-17 15:58:00+00:00,4564.72900390625
2025-08-17 16:00:00+00:00,4563.318359375
2025-08-17 16:01:00+00:00,4567.1259765625
2025-08-17 16:02:00+00:00,4567.74169921875
2025-08-17 16:03:00+00:00,4565.28369140625
2025-08-17 16:05:00+00:00,4555.42919921875
2025-08-17 16:06:00+00:00,4557.3037109375
2025-08-17 16:07:00+00:00,4560.08251953125
2025-08-17 16:08:00+00:00,4558.40283203125
2025-08-17 16:10:00+00:00,4564.615234375
2025-08-17 16:11:00+00:00,4564.2724609375
2025-08-17 16:12:00+00:00,4566.3857421875
2025-08-17 16:13:00+00:00,4566.01806640625
2025-08-17 16:15:00+00:00,4553.64306640625
2025-08-17 16:16:00+00:00,4548.6142578125
2025-08-17 16:17:00+00:00,4541.005859375
2025-08-17 16:18:00+00:00,4546.07958984375
2025-08-17 16:20:00+00:00,4544.5224609375
2025-08-17 16:21:00+00:00,4544.58984375
2025-08-17 16:22:00+00:00,4544.93701171875
2025-08-17 16:23:00+00:00,4540.42041015625
2025-08-17 16:25:00+00:00,4546.943359375
2025-08-17 16:26:00+00:00,4550.24462890625
2025-08-17 16:27:00+00:00,4548.4013671875
2025-08-17 16:28:00+00:00,4542.73193359375
2025-08-17 16:30:00+00:00,4542.4599609375
2025-08-17 16:31:00+00:00,4530.0654296875
2025-08-17 16:32:00+00:00,4535.54248046875
2025-08-17 16:33:00+00:00,4536.0390625
2025-08-17 16:35:00+00:00,4538.349609375
2025-08-17 16:36:00+00:00,4536.8046875
2025-08-17 16:37:00+00:00,4538.01611328125
2025-08-17 16:38:00+00:00,4537.1005859375
2025-08-17 16:40:00+00:00,4532.1025390625
2025-08-17 16:41:00+00:00,4529.9521484375
2025-08-17 16:42:00+00:00,4529.431640625
2025-08-17 16:43:00+00:00,4531.08740234375
2025-08-17 16:45:00+00:00,4530.41357421875
2025-08-17 16:46:00+00:00,4531.49462890625
2025-08-17 16:47:00+00:00,4532.6494140625
2025-08-17 16:48:00+00:00,4533.64111328125
2025-08-17 16:50:00+00:00,4531.8798828125
2025-08-17 16:51:00+00:00,4529.12890625
2025-08-17 16:52:00+00:00,4526.27294921875
2025-08-17 16:53:00+00:00,4513.92626953125
2025-08-17 16:55:00+00:00,4510.68505859375
2025-08-17 16:56:00+00:00,4518.39697265625
2025-08-17 16:57:00+00:00,4519.12939453125
2025-08-17 16:58:00+00:00,4519.62548828125
2025-08-17 17:00:00+00:00,4520.2705078125
2025-08-17 17:01:00+00:00,4516.482421875
2025-08-17 17:02:00+00:00,4522.796875
2025-08-17 17:03:00+00:00,4523.84765625
2025-08-17 17:05:00+00:00,4527.67626953125
2025-08-17 17:06:00+00:00,4526.8212890625
2025-08-17 17:07:00+00:00,4522.74951171875
2025-08-17 17:08:00+00:00,4525.501953125
2025-08-17 17:10:00+00:00,4520.345703125
2025-08-17 17:11:00+00:00,4519.62353515625
2025-08-17 17:13:00+00:00,4518.65380859375
2025-08-17 17:14:00+00:00,4517.76318359375
2025-08-17 17:15:00+00:00,4513.8974609375
2025-08-17 17:16:00+00:00,4511.7333984375
2025-08-17 17:17:00+00:00,4510.20654296875
2025-08-17 17:18:00+00:00,4511.69873046875
2025-08-17 17:19:00+00:00,4514.357421875
2025-08-17 17:20:00+00:00,4513.8896484375
2025-08-17 17:21:00+00:00,4515.4013671875
2025-08-17 17:22:00+00:00,4518.48486328125
2025-08-17 17:23:00+00:00,4521.6181640625
2025-08-17 17:24:00+00:00,4519.52685546875
2025-08-17 17:25:00+00:00,4519.609375
2025-08-17 17:26:00+00:00,4524.40625
2025-08-17 17:27:00+00:00,4526.0595703125
2025-08-17 17:28:00+00:00,4522.7861328125
2025-08-17 17:29:00+00:00,4522.833984375
2025-08-17 17:30:00+00:00,4522.50634765625
2025-08-17 17:31:00+00:00,4526.36279296875
2025-08-17 17:32:00+00:00,4529.67626953125
2025-08-17 17:33:00+00:00,4529.2548828125
2025-08-17 17:34:00+00:00,4529.68115234375
2025-08-17 17:35:00+00:00,4530.86572265625
2025-08-17 17:36:00+00:00,4530.64501953125
2025-08-17 17:37:00+00:00,4530.92041015625
2025-08-17 17:38:00+00:00,4530.97314453125
2025-08-17 17:39:00+00:00,4533.94677734375
2025-08-17 17:40:00+00:00,4531.939453125
2025-08-17 17:41:00+00:00,4532.833984375
2025-08-17 17:42:00+00:00,4529.74072265625
2025-08-17 17:43:00+00:00,4531.48828125
2025-08-17 17:44:00+00:00,4531.53369140625
2025-08-17 17:45:00+00:00,4532.27880859375
2025-08-17 17:46:00+00:00,4534.3701171875
2025-08-17 17:47:00+00:00,4535.85791015625
2025-08-17 17:48:00+00:00,4535.083984375
2025-08-17 17:49:00+00:00,4534.7861328125
2025-08-17 17:50:00+00:00,4533.68505859375
2025-08-17 17:51:00+00:00,4529.40234375
2025-08-17 17:52:00+00:00,4530.89404296875
2025-08-17 17:53:00+00:00,4531.18212890625
2025-08-17 17:54:00+00:00,4532.181640625
2025-08-17 17:55:00+00:00,4532.251953125
2025-08-17 17:56:00+00:00,4529.4521484375
2025-08-17 17:57:00+00:00,4530.94384765625
2025-08-17 17:58:00+00:00,4528.43017578125
2025-08-17 17:59:00+00:00,4527.794921875
2025-08-17 18:00:00+00:00,4526.61767578125
2025-08-17 18:01:00+00:00,4527.36865234375
2025-08-17 18:02:00+00:00,4528.8271484375
2025-08-17 18:03:00+00:00,4527.27880859375
2025-08-17 18:04:00+00:00,4525.771484375
2025-08-17 18:05:00+00:00,4523.4677734375
2025-08-17 18:06:00+00:00,4524.42626953125
2025-08-17 18:07:00+00:00,4524.76611328125
2025-08-17 18:08:00+00:00,4524.31396484375
2025-08-17 18:09:00+00:00,4526.40234375
2025-08-17 18:10:00+00:00,4528.12744140625
2025-08-17 18:11:00+00:00,4528.17724609375
2025-08-17 18:12:00+00:00,4531.35302734375
2025-08-17 18:13:00+00:00,4533.71044921875
2025-08-17 18:14:00+00:00,4532.62353515625
2025-08-17 18:15:00+00:00,4532.37646484375
2025-08-17 18:16:00+00:00,4533.61767578125
2025-08-17 18:17:00+00:00,4533.048828125
2025-08-17 18:18:00+00:00,4531.45947265625
2025-08-17 18:19:00+00:00,4528.4267578125
2025-08-17 18:20:00+00:00,4528.85009765625
2025-08-17 18:21:00+00:00,4527.1025390625
2025-08-17 18:22:00+00:00,4524.11767578125
2025-08-17 18:23:00+00:00,4522.2666015625
2025-08-17 18:24:00+00:00,4522.94970703125
2025-08-17 18:25:00+00:00,4518.5439453125
2025-08-17 18:26:00+00:00,4520.21826171875
2025-08-17 18:27:00+00:00,4517.46630859375
2025-08-17 18:28:00+00:00,4516.2314453125
2025-08-17 18:29:00+00:00,4515.03515625
2025-08-17 18:30:00+00:00,4516.595703125
2025-08-17 18:31:00+00:00,4513.3955078125
2025-08-17 18:32:00+00:00,4515.48779296875
2025-08-17 18:33:00+00:00,4516.1298828125
2025-08-17 18:34:00+00:00,4514.89990234375
2025-08-17 18:35:00+00:00,4515.18505859375
2025-08-17 18:36:00+00:00,4517.93603515625
2025-08-17 18:37:00+00:00,4519.00390625
2025-08-17 18:38:00+00:00,4519.3984375
2025-08-17 18:39:00+00:00,4518.357421875
2025-08-17 18:40:00+00:00,4516.51416015625
2025-08-17 18:41:00+00:00,4515.5478515625
2025-08-17 18:42:00+00:00,4515.50439453125
2025-08-17 18:43:00+00:00,4516.404296875
2025-08-17 18:44:00+00:00,4514.72607421875
2025-08-17 18:45:00+00:00,4514.9189453125
2025-08-17 18:46:00+00:00,4514.12841796875
2025-08-17 18:47:00+00:00,4513.87646484375
2025-08-17 18:48:00+00:00,4512.61572265625
2025-08-17 18:49:00+00:00,4511.5546875
2025-08-17 18:50:00+00:00,4510.80810546875
2025-08-17 18:51:00+00:00,4512.7607421875
2025-08-17 18:52:00+00:00,4511.58447265625
2025-08-17 18:53:00+00:00,4509.3095703125
2025-08-17 18:54:00+00:00,4508.52197265625
2025-08-17 18:55:00+00:00,4479.5712890625
2025-08-17 18:56:00+00:00,4437.53662109375
2025-08-17 18:57:00+00:00,4450.3173828125
2025-08-17 18:58:00+00:00,4461.41259765625
2025-08-17 18:59:00+00:00,4465.6103515625
2025-08-17 19:00:00+00:00,4470.4091796875
2025-08-17 19:01:00+00:00,4474.5673828125
2025-08-17 19:02:00+00:00,4475.55029296875
2025-08-17 19:03:00+00:00,4466.69873046875
2025-08-17 19:04:00+00:00,4462.41943359375
2025-08-17 19:05:00+00:00,4463.92431640625
2025-08-17 19:06:00+00:00,4470.05810546875
2025-08-17 19:07:00+00:00,4471.6865234375
2025-08-17 19:08:00+00:00,4471.6171875
2025-08-17 19:09:00+00:00,4477.8076171875
2025-08-17 19:10:00+00:00,4482.90185546875
2025-08-17 19:11:00+00:00,4481.3583984375
2025-08-17 19:12:00+00:00,4481.93408203125
2025-08-17 19:13:00+00:00,4477.416015625
2025-08-17 19:14:00+00:00,4477.8837890625
2025-08-17 19:15:00+00:00,4480.61962890625
2025-08-17 19:16:00+00:00,4480.11474609375
2025-08-17 19:17:00+00:00,4484.9541015625
2025-08-17 19:18:00+00:00,4479.33935546875
2025-08-17 19:19:00+00:00,4474.09033203125
2025-08-17 19:20:00+00:00,4474.955078125
2025-08-17 19:21:00+00:00,4478.1767578125
2025-08-17 19:22:00+00:00,4476.99755859375
2025-08-17 19:23:00+00:00,4477.73828125
2025-08-17 19:24:00+00:00,4479.9521484375
2025-08-17 19:25:00+00:00,4482.1875
2025-08-17 19:26:00+00:00,4482.63916015625
2025-08-17 19:27:00+00:00,4484.69287109375
2025-08-17 19:28:00+00:00,4483.57861328125
2025-08-17 19:29:00+00:00,4484.31298828125
2025-08-17 19:30:00+00:00,4484.0361328125
2025-08-17 19:31:00+00:00,4482.2822265625
2025-08-17 19:32:00+00:00,4476.19482421875
2025-08-17 19:33:00+00:00,4476.01025390625
2025-08-17 19:34:00+00:00,4473.3359375
2025-08-17 19:35:00+00:00,4463.4716796875
2025-08-17 19:36:00+00:00,4461.87646484375
2025-08-17 19:37:00+00:00,4460.67578125
2025-08-17 19:38:00+00:00,4461.89892578125
2025-08-17 19:39:00+00:00,4459.1513671875
2025-08-17 19:40:00+00:00,4459.779296875
2025-08-17 19:41:00+00:00,4456.26513671875
2025-08-17 19:42:00+00:00,4455.04150390625
2025-08-17 19:43:00+00:00,4458.44189453125
2025-08-17 19:44:00+00:00,4459.3935546875
2025-08-17 19:45:00+00:00,4459.6669921875
2025-08-17 19:46:00+00:00,4456.2138671875
2025-08-17 19:47:00+00:00,4454.5048828125
2025-08-17 19:48:00+00:00,4455.58349609375
2025-08-17 19:49:00+00:00,4459.02392578125
2025-08-17 19:50:00+00:00,4461.5703125
2025-08-17 19:51:00+00:00,4457.68505859375
2025-08-17 19:52:00+00:00,4457.20361328125
2025-08-17 19:53:00+00:00,4460.52294921875
2025-08-17 19:54:00+00:00,4463.28076171875
2025-08-17 19:55:00+00:00,4463.54443359375
2025-08-17 19:56:00+00:00,4464.4599609375
2025-08-17 19:57:00+00:00,4461.943359375
2025-08-17 19:58:00+00:00,4458.27978515625
2025-08-17 19:59:00+00:00,4459.42236328125
2025-08-17 20:00:00+00:00,4461.6513671875
2025-08-17 20:01:00+00:00,4462.42724609375
2025-08-17 20:02:00+00:00,4464.0625
2025-08-17 20:03:00+00:00,4465.95166015625
2025-08-17 20:04:00+00:00,4466.59326171875
2025-08-17 20:05:00+00:00,4461.31591796875
2025-08-17 20:06:00+00:00,4464.30859375
2025-08-17 20:07:00+00:00,4464.689453125
2025-08-17 20:08:00+00:00,4464.93896484375
2025-08-17 20:09:00+00:00,4467.3466796875
2025-08-17 20:10:00+00:00,4466.701171875
2025-08-17 20:11:00+00:00,4467.27783203125
2025-08-17 20:12:00+00:00,4469.60498046875
2025-08-17 20:13:00+00:00,4470.87060546875
2025-08-17 20:14:00+00:00,4472.06298828125
2025-08-17 20:15:00+00:00,4473.06494140625
2025-08-17 20:16:00+00:00,4474.5849609375
2025-08-17 20:17:00+00:00,4473.05419921875
2025-08-17 20:18:00+00:00,4473.70703125
2025-08-17 20:19:00+00:00,4474.6376953125
2025-08-17 20:20:00+00:00,4475.22021484375
2025-08-17 20:21:00+00:00,4476.8427734375
2025-08-17 20:22:00+00:00,4473.2197265625
2025-08-17 20:23:00+00:00,4474.14599609375
2025-08-17 20:24:00+00:00,4475.134765625
2025-08-17 20:25:00+00:00,4474.16064453125
2025-08-17 20:26:00+00:00,4476.6494140625
2025-08-17 20:27:00+00:00,4477.1953125
2025-08-17 20:28:00+00:00,4477.224609375
2025-08-17 20:29:00+00:00,4477.93359375
2025-08-17 20:30:00+00:00,4477.767578125
2025-08-17 20:31:00+00:00,4478.55322265625
2025-08-17 20:32:00+00:00,4478.0810546875
2025-08-17 20:33:00+00:00,4479.0380859375
2025-08-17 20:34:00+00:00,4478.64453125
2025-08-17 20:35:00+00:00,4479.19140625
2025-08-17 20:36:00+00:00,4478.03125
2025-08-17 20:37:00+00:00,4477.994140625
2025-08-17 20:38:00+00:00,4478.8232421875
2025-08-17 20:39:00+00:00,4479.4560546875
2025-08-17 20:40:00+00:00,4479.53076171875
2025-08-17 20:41:00+00:00,4480.54150390625
2025-08-17 20:42:00+00:00,4480.69140625
2025-08-17 20:43:00+00:00,4480.8564453125
2025-08-17 20:44:00+00:00,4479.74951171875
2025-08-17 20:45:00+00:00,4480.25830078125
2025-08-17 20:46:00+00:00,4480.1494140625
2025-08-17 20:47:00+00:00,4475.4677734375
2025-08-17 20:48:00+00:00,4476.431640625
2025-08-17 20:49:00+00:00,4476.86865234375
2025-08-17 20:50:00+00:00,4473.630859375
2025-08-17 20:51:00+00:00,4474.57373046875
2025-08-17 20:52:00+00:00,4474.36865234375
2025-08-17 20:53:00+00:00,4474.15673828125
2025-08-17 20:54:00+00:00,4474.34619140625
2025-08-17 20:55:00+00:00,4474.07568359375
2025-08-17 20:56:00+00:00,4472.4921875
2025-08-17 20:57:00+00:00,4470.951171875
2025-08-17 20:58:00+00:00,4468.9599609375
2025-08-17 20:59:00+00:00,4469.60888671875
2025-08-17 21:00:00+00:00,4470.23486328125
2025-08-17 21:01:00+00:00,4468.68310546875
2025-08-17 21:02:00+00:00,4467.203125
2025-08-17 21:03:00+00:00,4473.37548828125
2025-08-17 21:04:00+00:00,4475.01025390625
2025-08-17 21:05:00+00:00,4475.46533203125
2025-08-17 21:06:00+00:00,4475.9482421875
2025-08-17 21:07:00+00:00,4473.83349609375
2025-08-17 21:08:00+00:00,4472.0029296875
2025-08-17 21:09:00+00:00,4473.77490234375
2025-08-17 21:10:00+00:00,4474.06201171875
2025-08-17 21:11:00+00:00,4473.154296875
2025-08-17 21:12:00+00:00,4471.9404296875
2025-08-17 21:13:00+00:00,4470.95263671875
2025-08-17 21:14:00+00:00,4469.4306640625
2025-08-17 21:15:00+00:00,4472.80224609375
2025-08-17 21:16:00+00:00,4472.34326171875
2025-08-17 21:17:00+00:00,4471.251953125
2025-08-17 21:18:00+00:00,4469.02685546875
2025-08-17 21:19:00+00:00,4468.56494140625
2025-08-17 21:20:00+00:00,4468.28369140625
2025-08-17 21:21:00+00:00,4468.81298828125
2025-08-17 21:22:00+00:00,4467.08251953125
2025-08-17 21:23:00+00:00,4468.1748046875
2025-08-17 21:24:00+00:00,4468.0302734375
2025-08-17 21:25:00+00:00,4471.64794921875
2025-08-17 21:26:00+00:00,4469.73291015625
2025-08-17 21:27:00+00:00,4469.0234375
2025-08-17 21:28:00+00:00,4469.25146484375
2025-08-17 21:29:00+00:00,4469.2763671875
2025-08-17 21:30:00+00:00,4469.7138671875
2025-08-17 21:31:00+00:00,4468.92041015625
2025-08-17 21:32:00+00:00,4468.0400390625
2025-08-17 21:33:00+00:00,4469.60595703125
2025-08-17 21:34:00+00:00,4469.38134765625
2025-08-17 21:35:00+00:00,4469.45263671875
2025-08-17 21:36:00+00:00,4471.2998046875
2025-08-17 21:37:00+00:00,4475.0068359375
2025-08-17 21:38:00+00:00,4475.4443359375
2025-08-17 21:39:00+00:00,4476.419921875
2025-08-17 21:40:00+00:00,4477.18798828125
2025-08-17 21:41:00+00:00,4478.22802734375
2025-08-17 21:42:00+00:00,4475.94140625
2025-08-17 21:43:00+00:00,4477.505859375
2025-08-17 21:44:00+00:00,4480.46533203125
2025-08-17 21:45:00+00:00,4483.1357421875
2025-08-17 21:46:00+00:00,4483.58984375
2025-08-17 21:47:00+00:00,4487.0869140625
2025-08-17 21:48:00+00:00,4485.380859375
2025-08-17 21:49:00+00:00,4483.57373046875
2025-08-17 21:50:00+00:00,4482.015625
2025-08-17 21:51:00+00:00,4481.5068359375
2025-08-17 21:52:00+00:00,4482.03173828125
2025-08-17 21:53:00+00:00,4484.6396484375
2025-08-17 21:54:00+00:00,4483.05712890625
2025-08-17 21:55:00+00:00,4483.78759765625
2025-08-17 21:56:00+00:00,4483.18896484375
2025-08-17 21:57:00+00:00,4480.92822265625
2025-08-17 21:58:00+00:00,4481.23974609375
2025-08-17 21:59:00+00:00,4480.2998046875
2025-08-17 22:00:00+00:00,4480.0986328125
2025-08-17 22:01:00+00:00,4479.001953125
2025-08-17 22:02:00+00:00,4477.45849609375
2025-08-17 22:03:00+00:00,4485.97265625
2025-08-17 22:04:00+00:00,4485.66796875
2025-08-17 22:05:00+00:00,4483.1904296875
2025-08-17 22:06:00+00:00,4496.08837890625
2025-08-17 22:07:00+00:00,4493.181640625
2025-08-17 22:08:00+00:00,4497.5263671875
2025-08-17 22:09:00+00:00,4497.75390625
2025-08-17 22:10:00+00:00,4494.62646484375
2025-08-17 22:12:00+00:00,4496.958984375
2025-08-17 22:13:00+00:00,4500.43359375
2025-08-17 22:14:00+00:00,4499.02685546875
2025-08-17 22:15:00+00:00,4499.27978515625
2025-08-17 22:16:00+00:00,4498.10693359375
2025-08-17 22:17:00+00:00,4496.03759765625
2025-08-17 22:18:00+00:00,4497.51513671875
2025-08-17 22:19:00+00:00,4500.2412109375
2025-08-17 22:20:00+00:00,4502.93896484375
2025-08-17 22:21:00+00:00,4509.515625
2025-08-17 22:22:00+00:00,4524.671875
2025-08-17 22:23:00+00:00,4519.4345703125
2025-08-17 22:24:00+00:00,4519.7353515625
2025-08-17 22:25:00+00:00,4516.982421875
2025-08-17 22:26:00+00:00,4519.51904296875
2025-08-17 22:27:00+00:00,4517.962890625
2025-08-17 22:28:00+00:00,4513.09423828125
2025-08-17 22:29:00+00:00,4512.16357421875
2025-08-17 22:30:00+00:00,4516.3203125
2025-08-17 22:31:00+00:00,4518.24462890625
2025-08-17 22:32:00+00:00,4519.93701171875
2025-08-17 22:33:00+00:00,4521.92529296875
2025-08-17 22:34:00+00:00,4525.998046875
2025-08-17 22:35:00+00:00,4530.078125
2025-08-17 22:36:00+00:00,4529.62548828125
2025-08-17 22:37:00+00:00,4525.4833984375
2025-08-17 22:38:00+00:00,4525.08349609375
2025-08-17 22:39:00+00:00,4529.521484375
2025-08-17 22:40:00+00:00,4528.29150390625
2025-08-17 22:42:00+00:00,4524.447265625
2025-08-17 22:43:00+00:00,4526.68310546875
2025-08-17 22:44:00+00:00,4530.64501953125
2025-08-17 22:45:00+00:00,4533.73291015625
2025-08-17 22:46:00+00:00,4536.33349609375
2025-08-17 22:47:00+00:00,4533.27001953125
2025-08-17 22:48:00+00:00,4534.81982421875
2025-08-17 22:49:00+00:00,4530.111328125
2025-08-17 22:50:00+00:00,4529.37109375
2025-08-17 22:51:00+00:00,4530.34619140625
2025-08-17 22:52:00+00:00,4527.94580078125
